{
  "latitude": 40.7127753,
  "longitude": -74.0059728,
  "timezone": "America/New_York",
  "currently": {
    "time": 1569027601,
    "summary": "Clear",
    "icon": "clear-night",
    "nearestStormDistance": 155,
    "nearestStormBearing": 279,
    "precipIntensity": 0,
    "precipProbability": 0,
    "temperature": 20.21,
    "apparentTemperature": 20.21,
    "dewPoint": 12.1,
    "humidity": 0.6,
    "pressure": 1022.22,
    "windSpeed": 1.13,
    "windGust": 1.28,
    "windBearing": 259,
    "cloudCover": 0,
    "uvIndex": 0,
    "visibility": 12.214,
    "ozone": 296.3
  },
  "hourly": {
    "summary": "Partly cloudy throughout the day.",
    "icon": "partly-cloudy-day",
    "data": [
      {
        "time": 1569027600,
        "summary": "Clear",
        "icon": "clear-night",
        "precipIntensity": 0,
        "precipProbability": 0,
        "temperature": 20.21,
        "apparentTemperature": 20.21,
        "dewPoint": 12.1,
        "humidity": 0.6,
        "pressure": 1022.22,
        "windSpeed": 1.13,
        "windGust": 1.28,
        "windBearing": 259,
        "cloudCover": 0,
        "uvIndex": 0,
        "visibility": 12.214,
        "ozone": 296.3
      },
      {
        "time": 1569031200,
        "summary": "Clear",
        "icon": "clear-night",
        "precipIntensity": 0,
        "precipProbability": 0,
        "temperature": 19.61,
        "apparentTemperature": 19.61,
        "dewPoint": 12.61,
        "humidity": 0.64,
        "pressure": 1022.31,
        "windSpeed": 1.38,
        "windGust": 2.67,
        "windBearing": 273,
        "cloudCover": 0,
        "uvIndex": 0,
        "visibility": 12.057,
        "ozone": 296.5
      },
      {
        "time": 1569034800,
        "summary": "Clear",
        "icon": "clear-night",
        "precipIntensity": 0.024,
        "precipProbability": 0.01,
        "precipType": "rain",
        "temperature": 19.97,
        "apparentTemperature": 19.97,
        "dewPoint": 13.54,
        "humidity": 0.67,
        "pressure": 1022.44,
        "windSpeed": 2.34,
        "windGust": 5.49,
        "windBearing": 261,
        "cloudCover": 0,
        "uvIndex": 0,
        "visibility": 16.093,
        "ozone": 296.3
      },
      {
        "time": 1569038400,
        "summary": "Clear",
        "icon": "clear-night",
        "precipIntensity": 0.0446,
        "precipProbability": 0.01,
        "precipType": "rain",
        "temperature": 20.03,
        "apparentTemperature": 20.03,
        "dewPoint": 13.97,
        "humidity": 0.68,
        "pressure": 1022.93,
        "windSpeed": 3.11,
        "windGust": 7.05,
        "windBearing": 257,
        "cloudCover": 0,
        "uvIndex": 0,
        "visibility": 16.093,
        "ozone": 295.3
      },
      {
        "time": 1569042000,
        "summary": "Clear",
        "icon": "clear-night",
        "precipIntensity": 0,
        "precipProbability": 0,
        "temperature": 19.41,
        "apparentTemperature": 19.41,
        "dewPoint": 13.92,
        "humidity": 0.71,
        "pressure": 1023.01,
        "windSpeed": 3.17,
        "windGust": 6.95,
        "windBearing": 258,
        "cloudCover": 0,
        "uvIndex": 0,
        "visibility": 16.093,
        "ozone": 293.8
      },
      {
        "time": 1569045600,
        "summary": "Clear",
        "icon": "clear-night",
        "precipIntensity": 0.031,
        "precipProbability": 0.01,
        "precipType": "rain",
        "temperature": 18.84,
        "apparentTemperature": 18.84,
        "dewPoint": 13.87,
        "humidity": 0.73,
        "pressure": 1022.76,
        "windSpeed": 3.13,
        "windGust": 6.71,
        "windBearing": 258,
        "cloudCover": 0.01,
        "uvIndex": 0,
        "visibility": 16.093,
        "ozone": 292.7
      },
      {
        "time": 1569049200,
        "summary": "Clear",
        "icon": "clear-night",
        "precipIntensity": 0.0198,
        "precipProbability": 0.01,
        "precipType": "rain",
        "temperature": 18.35,
        "apparentTemperature": 18.35,
        "dewPoint": 13.91,
        "humidity": 0.75,
        "pressure": 1022.78,
        "windSpeed": 3.06,
        "windGust": 6.18,
        "windBearing": 263,
        "cloudCover": 0.03,
        "uvIndex": 0,
        "visibility": 16.093,
        "ozone": 292
      },
      {
        "time": 1569052800,
        "summary": "Clear",
        "icon": "clear-night",
        "precipIntensity": 0.0128,
        "precipProbability": 0.01,
        "precipType": "rain",
        "temperature": 17.74,
        "apparentTemperature": 17.74,
        "dewPoint": 13.95,
        "humidity": 0.78,
        "pressure": 1022.68,
        "windSpeed": 2.95,
        "windGust": 5.6,
        "windBearing": 265,
        "cloudCover": 0.05,
        "uvIndex": 0,
        "visibility": 16.093,
        "ozone": 291.6
      },
      {
        "time": 1569056400,
        "summary": "Clear",
        "icon": "clear-night",
        "precipIntensity": 0.0072,
        "precipProbability": 0.01,
        "precipType": "rain",
        "temperature": 17.23,
        "apparentTemperature": 17.23,
        "dewPoint": 13.9,
        "humidity": 0.81,
        "pressure": 1022.75,
        "windSpeed": 2.77,
        "windGust": 5.11,
        "windBearing": 255,
        "cloudCover": 0.09,
        "uvIndex": 0,
        "visibility": 16.093,
        "ozone": 291.4
      },
      {
        "time": 1569060000,
        "summary": "Partly Cloudy",
        "icon": "partly-cloudy-night",
        "precipIntensity": 0,
        "precipProbability": 0,
        "temperature": 16.87,
        "apparentTemperature": 16.87,
        "dewPoint": 13.73,
        "humidity": 0.82,
        "pressure": 1023.12,
        "windSpeed": 2.59,
        "windGust": 4.96,
        "windBearing": 189,
        "cloudCover": 0.24,
        "uvIndex": 0,
        "visibility": 16.093,
        "ozone": 291.8
      },
      {
        "time": 1569063600,
        "summary": "Mostly Cloudy",
        "icon": "partly-cloudy-day",
        "precipIntensity": 0.0222,
        "precipProbability": 0.01,
        "precipType": "rain",
        "temperature": 16.55,
        "apparentTemperature": 16.55,
        "dewPoint": 13.62,
        "humidity": 0.83,
        "pressure": 1023.4,
        "windSpeed": 2.28,
        "windGust": 4.08,
        "windBearing": 0,
        "cloudCover": 0.52,
        "uvIndex": 0,
        "visibility": 16.093,
        "ozone": 292.5
      },
      {
        "time": 1569067200,
        "summary": "Mostly Cloudy",
        "icon": "partly-cloudy-day",
        "precipIntensity": 0,
        "precipProbability": 0,
        "temperature": 17.26,
        "apparentTemperature": 17.26,
        "dewPoint": 13.69,
        "humidity": 0.8,
        "pressure": 1023.72,
        "windSpeed": 1.75,
        "windGust": 3.08,
        "windBearing": 287,
        "cloudCover": 0.54,
        "uvIndex": 0,
        "visibility": 16.093,
        "ozone": 292.7
      },
      {
        "time": 1569070800,
        "summary": "Mostly Cloudy",
        "icon": "partly-cloudy-day",
        "precipIntensity": 0,
        "precipProbability": 0,
        "temperature": 19.16,
        "apparentTemperature": 19.16,
        "dewPoint": 13.83,
        "humidity": 0.71,
        "pressure": 1023.91,
        "windSpeed": 1.52,
        "windGust": 3.15,
        "windBearing": 285,
        "cloudCover": 0.58,
        "uvIndex": 1,
        "visibility": 16.093,
        "ozone": 292.1
      },
      {
        "time": 1569074400,
        "summary": "Mostly Cloudy",
        "icon": "partly-cloudy-day",
        "precipIntensity": 0,
        "precipProbability": 0,
        "temperature": 21.64,
        "apparentTemperature": 21.64,
        "dewPoint": 13.97,
        "humidity": 0.62,
        "pressure": 1024.22,
        "windSpeed": 1.13,
        "windGust": 2.17,
        "windBearing": 292,
        "cloudCover": 0.51,
        "uvIndex": 3,
        "visibility": 16.093,
        "ozone": 291.2
      },
      {
        "time": 1569078000,
        "summary": "Partly Cloudy",
        "icon": "partly-cloudy-day",
        "precipIntensity": 0,
        "precipProbability": 0,
        "temperature": 24.23,
        "apparentTemperature": 24.23,
        "dewPoint": 12.94,
        "humidity": 0.49,
        "pressure": 1024.02,
        "windSpeed": 1.01,
        "windGust": 1.93,
        "windBearing": 308,
        "cloudCover": 0.22,
        "uvIndex": 5,
        "visibility": 16.093,
        "ozone": 290
      },
      {
        "time": 1569081600,
        "summary": "Partly Cloudy",
        "icon": "partly-cloudy-day",
        "precipIntensity": 0,
        "precipProbability": 0,
        "temperature": 25.85,
        "apparentTemperature": 25.85,
        "dewPoint": 12.71,
        "humidity": 0.44,
        "pressure": 1023.72,
        "windSpeed": 1.1,
        "windGust": 1.96,
        "windBearing": 25,
        "cloudCover": 0.16,
        "uvIndex": 6,
        "visibility": 16.093,
        "ozone": 288.4
      },
      {
        "time": 1569085200,
        "summary": "Clear",
        "icon": "clear-day",
        "precipIntensity": 0,
        "precipProbability": 0,
        "temperature": 27.3,
        "apparentTemperature": 27.3,
        "dewPoint": 12.51,
        "humidity": 0.4,
        "pressure": 1023.08,
        "windSpeed": 1.33,
        "windGust": 2.17,
        "windBearing": 141,
        "cloudCover": 0.08,
        "uvIndex": 6,
        "visibility": 16.093,
        "ozone": 286.6
      },
      {
        "time": 1569088800,
        "summary": "Clear",
        "icon": "clear-day",
        "precipIntensity": 0,
        "precipProbability": 0,
        "temperature": 28.54,
        "apparentTemperature": 28.54,
        "dewPoint": 12.09,
        "humidity": 0.36,
        "pressure": 1022.53,
        "windSpeed": 1.62,
        "windGust": 2.39,
        "windBearing": 215,
        "cloudCover": 0.02,
        "uvIndex": 6,
        "visibility": 16.093,
        "ozone": 285.3
      },
      {
        "time": 1569092400,
        "summary": "Clear",
        "icon": "clear-day",
        "precipIntensity": 0,
        "precipProbability": 0,
        "temperature": 29.44,
        "apparentTemperature": 29.44,
        "dewPoint": 11.5,
        "humidity": 0.33,
        "pressure": 1022.25,
        "windSpeed": 2.02,
        "windGust": 2.52,
        "windBearing": 227,
        "cloudCover": 0.01,
        "uvIndex": 4,
        "visibility": 16.093,
        "ozone": 284.7
      },
      {
        "time": 1569096000,
        "summary": "Clear",
        "icon": "clear-day",
        "precipIntensity": 0,
        "precipProbability": 0,
        "temperature": 29.68,
        "apparentTemperature": 29.68,
        "dewPoint": 11.43,
        "humidity": 0.32,
        "pressure": 1021.89,
        "windSpeed": 2.5,
        "windGust": 2.66,
        "windBearing": 207,
        "cloudCover": 0,
        "uvIndex": 3,
        "visibility": 16.093,
        "ozone": 284.4
      },
      {
        "time": 1569099600,
        "summary": "Clear",
        "icon": "clear-day",
        "precipIntensity": 0,
        "precipProbability": 0,
        "temperature": 29.27,
        "apparentTemperature": 29.27,
        "dewPoint": 12.06,
        "humidity": 0.35,
        "pressure": 1021.64,
        "windSpeed": 2.85,
        "windGust": 2.94,
        "windBearing": 188,
        "cloudCover": 0,
        "uvIndex": 1,
        "visibility": 16.093,
        "ozone": 284.5
      },
      {
        "time": 1569103200,
        "summary": "Clear",
        "icon": "clear-day",
        "precipIntensity": 0,
        "precipProbability": 0,
        "temperature": 28.29,
        "apparentTemperature": 28.29,
        "dewPoint": 13.62,
        "humidity": 0.41,
        "pressure": 1021.67,
        "windSpeed": 2.93,
        "windGust": 3.43,
        "windBearing": 182,
        "cloudCover": 0.01,
        "uvIndex": 0,
        "visibility": 16.093,
        "ozone": 285
      },
      {
        "time": 1569106800,
        "summary": "Clear",
        "icon": "clear-night",
        "precipIntensity": 0,
        "precipProbability": 0,
        "temperature": 26.58,
        "apparentTemperature": 26.59,
        "dewPoint": 15.23,
        "humidity": 0.5,
        "pressure": 1021.66,
        "windSpeed": 2.79,
        "windGust": 3.92,
        "windBearing": 177,
        "cloudCover": 0.03,
        "uvIndex": 0,
        "visibility": 16.093,
        "ozone": 285.8
      },
      {
        "time": 1569110400,
        "summary": "Clear",
        "icon": "clear-night",
        "precipIntensity": 0,
        "precipProbability": 0,
        "temperature": 24.99,
        "apparentTemperature": 25.07,
        "dewPoint": 16.25,
        "humidity": 0.58,
        "pressure": 1021.83,
        "windSpeed": 2.6,
        "windGust": 4.15,
        "windBearing": 178,
        "cloudCover": 0.04,
        "uvIndex": 0,
        "visibility": 16.093,
        "ozone": 285.9
      },
      {
        "time": 1569114000,
        "summary": "Clear",
        "icon": "clear-night",
        "precipIntensity": 0,
        "precipProbability": 0,
        "temperature": 23.94,
        "apparentTemperature": 24.06,
        "dewPoint": 16.69,
        "humidity": 0.64,
        "pressure": 1022.15,
        "windSpeed": 2.44,
        "windGust": 4.05,
        "windBearing": 192,
        "cloudCover": 0.05,
        "uvIndex": 0,
        "visibility": 16.093,
        "ozone": 284.7
      },
      {
        "time": 1569117600,
        "summary": "Clear",
        "icon": "clear-night",
        "precipIntensity": 0,
        "precipProbability": 0,
        "temperature": 23.31,
        "apparentTemperature": 23.45,
        "dewPoint": 16.9,
        "humidity": 0.67,
        "pressure": 1022.5,
        "windSpeed": 2.27,
        "windGust": 3.81,
        "windBearing": 211,
        "cloudCover": 0.05,
        "uvIndex": 0,
        "visibility": 16.093,
        "ozone": 282.9
      },
      {
        "time": 1569121200,
        "summary": "Clear",
        "icon": "clear-night",
        "precipIntensity": 0,
        "precipProbability": 0,
        "temperature": 22.76,
        "apparentTemperature": 22.91,
        "dewPoint": 16.92,
        "humidity": 0.7,
        "pressure": 1022.71,
        "windSpeed": 2.13,
        "windGust": 3.63,
        "windBearing": 226,
        "cloudCover": 0.06,
        "uvIndex": 0,
        "visibility": 16.093,
        "ozone": 281.5
      },
      {
        "time": 1569124800,
        "summary": "Clear",
        "icon": "clear-night",
        "precipIntensity": 0,
        "precipProbability": 0,
        "temperature": 22.21,
        "apparentTemperature": 22.36,
        "dewPoint": 16.93,
        "humidity": 0.72,
        "pressure": 1022.82,
        "windSpeed": 2.05,
        "windGust": 3.61,
        "windBearing": 231,
        "cloudCover": 0.06,
        "uvIndex": 0,
        "visibility": 16.093,
        "ozone": 281.1
      },
      {
        "time": 1569128400,
        "summary": "Clear",
        "icon": "clear-night",
        "precipIntensity": 0,
        "precipProbability": 0,
        "temperature": 21.68,
        "apparentTemperature": 21.85,
        "dewPoint": 16.94,
        "humidity": 0.74,
        "pressure": 1022.59,
        "windSpeed": 1.99,
        "windGust": 3.65,
        "windBearing": 232,
        "cloudCover": 0.07,
        "uvIndex": 0,
        "visibility": 16.093,
        "ozone": 281
      },
      {
        "time": 1569132000,
        "summary": "Clear",
        "icon": "clear-night",
        "precipIntensity": 0,
        "precipProbability": 0,
        "temperature": 21.19,
        "apparentTemperature": 21.37,
        "dewPoint": 16.99,
        "humidity": 0.77,
        "pressure": 1022.36,
        "windSpeed": 1.92,
        "windGust": 3.69,
        "windBearing": 233,
        "cloudCover": 0.09,
        "uvIndex": 0,
        "visibility": 16.093,
        "ozone": 280.5
      },
      {
        "time": 1569135600,
        "summary": "Partly Cloudy",
        "icon": "partly-cloudy-night",
        "precipIntensity": 0,
        "precipProbability": 0,
        "temperature": 20.6,
        "apparentTemperature": 20.8,
        "dewPoint": 16.98,
        "humidity": 0.8,
        "pressure": 1022.11,
        "windSpeed": 1.79,
        "windGust": 3.75,
        "windBearing": 236,
        "cloudCover": 0.15,
        "uvIndex": 0,
        "visibility": 16.093,
        "ozone": 279
      },
      {
        "time": 1569139200,
        "summary": "Partly Cloudy",
        "icon": "partly-cloudy-night",
        "precipIntensity": 0,
        "precipProbability": 0,
        "temperature": 19.92,
        "apparentTemperature": 20.12,
        "dewPoint": 16.85,
        "humidity": 0.82,
        "pressure": 1021.75,
        "windSpeed": 1.66,
        "windGust": 3.82,
        "windBearing": 238,
        "cloudCover": 0.22,
        "uvIndex": 0,
        "visibility": 16.093,
        "ozone": 277.2
      },
      {
        "time": 1569142800,
        "summary": "Partly Cloudy",
        "icon": "partly-cloudy-night",
        "precipIntensity": 0,
        "precipProbability": 0,
        "temperature": 19.27,
        "apparentTemperature": 19.46,
        "dewPoint": 16.61,
        "humidity": 0.85,
        "pressure": 1021.53,
        "windSpeed": 1.57,
        "windGust": 3.8,
        "windBearing": 239,
        "cloudCover": 0.26,
        "uvIndex": 0,
        "visibility": 16.093,
        "ozone": 275.6
      },
      {
        "time": 1569146400,
        "summary": "Partly Cloudy",
        "icon": "partly-cloudy-night",
        "precipIntensity": 0,
        "precipProbability": 0,
        "temperature": 18.93,
        "apparentTemperature": 19.1,
        "dewPoint": 16.41,
        "humidity": 0.85,
        "pressure": 1021.56,
        "windSpeed": 1.53,
        "windGust": 3.49,
        "windBearing": 237,
        "cloudCover": 0.26,
        "uvIndex": 0,
        "visibility": 16.093,
        "ozone": 274.5
      },
      {
        "time": 1569150000,
        "summary": "Partly Cloudy",
        "icon": "partly-cloudy-day",
        "precipIntensity": 0,
        "precipProbability": 0,
        "temperature": 18.77,
        "apparentTemperature": 18.95,
        "dewPoint": 16.35,
        "humidity": 0.86,
        "pressure": 1021.67,
        "windSpeed": 1.54,
        "windGust": 3.09,
        "windBearing": 233,
        "cloudCover": 0.23,
        "uvIndex": 0,
        "visibility": 16.093,
        "ozone": 273.7
      },
      {
        "time": 1569153600,
        "summary": "Partly Cloudy",
        "icon": "partly-cloudy-day",
        "precipIntensity": 0,
        "precipProbability": 0,
        "temperature": 19.37,
        "apparentTemperature": 19.58,
        "dewPoint": 16.72,
        "humidity": 0.85,
        "pressure": 1021.73,
        "windSpeed": 1.69,
        "windGust": 3.13,
        "windBearing": 227,
        "cloudCover": 0.19,
        "uvIndex": 0,
        "visibility": 16.093,
        "ozone": 272.9
      },
      {
        "time": 1569157200,
        "summary": "Partly Cloudy",
        "icon": "partly-cloudy-day",
        "precipIntensity": 0,
        "precipProbability": 0,
        "temperature": 21.19,
        "apparentTemperature": 21.34,
        "dewPoint": 16.69,
        "humidity": 0.75,
        "pressure": 1021.68,
        "windSpeed": 2,
        "windGust": 3.95,
        "windBearing": 221,
        "cloudCover": 0.17,
        "uvIndex": 2,
        "visibility": 16.093,
        "ozone": 272.3
      },
      {
        "time": 1569160800,
        "summary": "Partly Cloudy",
        "icon": "partly-cloudy-day",
        "precipIntensity": 0,
        "precipProbability": 0,
        "temperature": 23.89,
        "apparentTemperature": 24.03,
        "dewPoint": 16.93,
        "humidity": 0.65,
        "pressure": 1021.53,
        "windSpeed": 2.43,
        "windGust": 5.07,
        "windBearing": 212,
        "cloudCover": 0.16,
        "uvIndex": 3,
        "visibility": 16.093,
        "ozone": 271.7
      },
      {
        "time": 1569164400,
        "summary": "Partly Cloudy",
        "icon": "partly-cloudy-day",
        "precipIntensity": 0,
        "precipProbability": 0,
        "temperature": 26.06,
        "apparentTemperature": 26.25,
        "dewPoint": 17.27,
        "humidity": 0.58,
        "pressure": 1021.2,
        "windSpeed": 2.88,
        "windGust": 5.86,
        "windBearing": 204,
        "cloudCover": 0.16,
        "uvIndex": 5,
        "visibility": 16.093,
        "ozone": 271.2
      },
      {
        "time": 1569168000,
        "summary": "Partly Cloudy",
        "icon": "partly-cloudy-day",
        "precipIntensity": 0,
        "precipProbability": 0,
        "temperature": 27.24,
        "apparentTemperature": 28.03,
        "dewPoint": 17.52,
        "humidity": 0.55,
        "pressure": 1020.71,
        "windSpeed": 3.41,
        "windGust": 6.22,
        "windBearing": 199,
        "cloudCover": 0.19,
        "uvIndex": 6,
        "visibility": 16.093,
        "ozone": 270.8
      },
      {
        "time": 1569171600,
        "summary": "Partly Cloudy",
        "icon": "partly-cloudy-day",
        "precipIntensity": 0,
        "precipProbability": 0,
        "temperature": 28.28,
        "apparentTemperature": 29.1,
        "dewPoint": 17.86,
        "humidity": 0.53,
        "pressure": 1019.88,
        "windSpeed": 3.98,
        "windGust": 6.42,
        "windBearing": 197,
        "cloudCover": 0.25,
        "uvIndex": 6,
        "visibility": 16.093,
        "ozone": 270.5
      },
      {
        "time": 1569175200,
        "summary": "Partly Cloudy",
        "icon": "partly-cloudy-day",
        "precipIntensity": 0,
        "precipProbability": 0,
        "temperature": 29.05,
        "apparentTemperature": 29.9,
        "dewPoint": 18.01,
        "humidity": 0.51,
        "pressure": 1019.03,
        "windSpeed": 4.37,
        "windGust": 6.5,
        "windBearing": 194,
        "cloudCover": 0.28,
        "uvIndex": 5,
        "visibility": 16.093,
        "ozone": 270.1
      },
      {
        "time": 1569178800,
        "summary": "Partly Cloudy",
        "icon": "partly-cloudy-day",
        "precipIntensity": 0,
        "precipProbability": 0,
        "temperature": 29.59,
        "apparentTemperature": 30.4,
        "dewPoint": 17.94,
        "humidity": 0.5,
        "pressure": 1018.3,
        "windSpeed": 4.44,
        "windGust": 6.28,
        "windBearing": 189,
        "cloudCover": 0.28,
        "uvIndex": 4,
        "visibility": 16.093,
        "ozone": 269.6
      },
      {
        "time": 1569182400,
        "summary": "Partly Cloudy",
        "icon": "partly-cloudy-day",
        "precipIntensity": 0,
        "precipProbability": 0,
        "temperature": 29.42,
        "apparentTemperature": 30.31,
        "dewPoint": 18.11,
        "humidity": 0.51,
        "pressure": 1017.21,
        "windSpeed": 4.35,
        "windGust": 5.88,
        "windBearing": 185,
        "cloudCover": 0.27,
        "uvIndex": 3,
        "visibility": 16.093,
        "ozone": 269.2
      },
      {
        "time": 1569186000,
        "summary": "Partly Cloudy",
        "icon": "partly-cloudy-day",
        "precipIntensity": 0,
        "precipProbability": 0,
        "temperature": 29.09,
        "apparentTemperature": 30.08,
        "dewPoint": 18.35,
        "humidity": 0.52,
        "pressure": 1016.99,
        "windSpeed": 4.25,
        "windGust": 5.67,
        "windBearing": 183,
        "cloudCover": 0.27,
        "uvIndex": 1,
        "visibility": 16.093,
        "ozone": 268.6
      },
      {
        "time": 1569189600,
        "summary": "Partly Cloudy",
        "icon": "partly-cloudy-day",
        "precipIntensity": 0,
        "precipProbability": 0,
        "temperature": 28.35,
        "apparentTemperature": 29.44,
        "dewPoint": 18.59,
        "humidity": 0.55,
        "pressure": 1016.77,
        "windSpeed": 4.15,
        "windGust": 5.73,
        "windBearing": 186,
        "cloudCover": 0.31,
        "uvIndex": 0,
        "visibility": 16.093,
        "ozone": 267.9
      },
      {
        "time": 1569193200,
        "summary": "Partly Cloudy",
        "icon": "partly-cloudy-night",
        "precipIntensity": 0,
        "precipProbability": 0,
        "temperature": 27.51,
        "apparentTemperature": 28.73,
        "dewPoint": 18.97,
        "humidity": 0.6,
        "pressure": 1016.78,
        "windSpeed": 4,
        "windGust": 5.76,
        "windBearing": 191,
        "cloudCover": 0.39,
        "uvIndex": 0,
        "visibility": 16.093,
        "ozone": 267
      },
      {
        "time": 1569196800,
        "summary": "Partly Cloudy",
        "icon": "partly-cloudy-night",
        "precipIntensity": 0,
        "precipProbability": 0,
        "temperature": 26.43,
        "apparentTemperature": 27.68,
        "dewPoint": 19.44,
        "humidity": 0.65,
        "pressure": 1016.85,
        "windSpeed": 3.89,
        "windGust": 5.84,
        "windBearing": 195,
        "cloudCover": 0.44,
        "uvIndex": 0,
        "visibility": 16.093,
        "ozone": 266.2
      },
      {
        "time": 1569200400,
        "summary": "Partly Cloudy",
        "icon": "partly-cloudy-night",
        "precipIntensity": 0,
        "precipProbability": 0,
        "temperature": 25.66,
        "apparentTemperature": 26.13,
        "dewPoint": 19.98,
        "humidity": 0.71,
        "pressure": 1016.75,
        "windSpeed": 3.95,
        "windGust": 6.26,
        "windBearing": 199,
        "cloudCover": 0.47,
        "uvIndex": 0,
        "visibility": 16.093,
        "ozone": 265.8
      }
    ]
  },
  "daily": {
    "summary": "Possible light rain on Monday and Tuesday, with high temperatures peaking at 31°C on Monday.",
    "icon": "rain",
    "data": [
      {
        "time": 1568952000,
        "summary": "Clear throughout the day.",
        "icon": "clear-day",
        "sunriseTime": 1568976171,
        "sunsetTime": 1569020325,
        "moonPhase": 0.71,
        "precipIntensity": 0.0028,
        "precipIntensityMax": 0.0446,
        "precipIntensityMaxTime": 1569038400,
        "precipProbability": 0.07,
        "precipType": "rain",
        "temperatureHigh": 25.96,
        "temperatureHighTime": 1569013200,
        "temperatureLow": 16.55,
        "temperatureLowTime": 1569063600,
        "apparentTemperatureHigh": 25.96,
        "apparentTemperatureHighTime": 1569013200,
        "apparentTemperatureLow": 16.55,
        "apparentTemperatureLowTime": 1569063600,
        "dewPoint": 9.01,
        "humidity": 0.56,
        "pressure": 1023.58,
        "windSpeed": 2.07,
        "windGust": 7.05,
        "windGustTime": 1569038400,
        "windBearing": 268,
        "cloudCover": 0.04,
        "uvIndex": 6,
        "uvIndexTime": 1568998800,
        "visibility": 15.257,
        "ozone": 299.5,
        "temperatureMin": 11.77,
        "temperatureMinTime": 1568977200,
        "temperatureMax": 25.96,
        "temperatureMaxTime": 1569013200,
        "apparentTemperatureMin": 11.77,
        "apparentTemperatureMinTime": 1568977200,
        "apparentTemperatureMax": 25.96,
        "apparentTemperatureMaxTime": 1569013200
      },
      {
        "time": 1569038400,
        "summary": "Partly cloudy throughout the day.",
        "icon": "partly-cloudy-day",
        "sunriseTime": 1569062629,
        "sunsetTime": 1569106622,
        "moonPhase": 0.75,
        "precipIntensity": 0.0086,
        "precipIntensityMax": 0.0446,
        "precipIntensityMaxTime": 1569038400,
        "precipProbability": 0.05,
        "precipType": "rain",
        "temperatureHigh": 29.68,
        "temperatureHighTime": 1569096000,
        "temperatureLow": 18.77,
        "temperatureLowTime": 1569150000,
        "apparentTemperatureHigh": 29.68,
        "apparentTemperatureHighTime": 1569096000,
        "apparentTemperatureLow": 18.95,
        "apparentTemperatureLowTime": 1569150000,
        "dewPoint": 14.01,
        "humidity": 0.61,
        "pressure": 1022.79,
        "windSpeed": 2.28,
        "windGust": 7.05,
        "windGustTime": 1569038400,
        "windBearing": 231,
        "cloudCover": 0.14,
        "uvIndex": 6,
        "uvIndexTime": 1569085200,
        "visibility": 16.093,
        "ozone": 288.3,
        "temperatureMin": 16.55,
        "temperatureMinTime": 1569063600,
        "temperatureMax": 29.68,
        "temperatureMaxTime": 1569096000,
        "apparentTemperatureMin": 16.55,
        "apparentTemperatureMinTime": 1569063600,
        "apparentTemperatureMax": 29.68,
        "apparentTemperatureMaxTime": 1569096000
      },
      {
        "time": 1569124800,
        "summary": "Partly cloudy throughout the day.",
        "icon": "partly-cloudy-day",
        "sunriseTime": 1569149088,
        "sunsetTime": 1569192920,
        "moonPhase": 0.78,
        "precipIntensity": 0.0045,
        "precipIntensityMax": 0.0105,
        "precipIntensityMaxTime": 1569142800,
        "precipProbability": 0.02,
        "precipType": "rain",
        "temperatureHigh": 29.59,
        "temperatureHighTime": 1569178800,
        "temperatureLow": 22.45,
        "temperatureLowTime": 1569236400,
        "apparentTemperatureHigh": 30.4,
        "apparentTemperatureHighTime": 1569178800,
        "apparentTemperatureLow": 22.98,
        "apparentTemperatureLowTime": 1569236400,
        "dewPoint": 17.91,
        "humidity": 0.69,
        "pressure": 1019.64,
        "windSpeed": 3.05,
        "windGust": 8.37,
        "windGustTime": 1569211200,
        "windBearing": 204,
        "cloudCover": 0.26,
        "uvIndex": 6,
        "uvIndexTime": 1569171600,
        "visibility": 16.093,
        "ozone": 271.6,
        "temperatureMin": 18.77,
        "temperatureMinTime": 1569150000,
        "temperatureMax": 29.59,
        "temperatureMaxTime": 1569178800,
        "apparentTemperatureMin": 18.95,
        "apparentTemperatureMinTime": 1569150000,
        "apparentTemperatureMax": 30.4,
        "apparentTemperatureMaxTime": 1569178800
      },
      {
        "time": 1569211200,
        "summary": "Possible light rain overnight.",
        "icon": "rain",
        "sunriseTime": 1569235546,
        "sunsetTime": 1569279218,
        "moonPhase": 0.82,
        "precipIntensity": 0.0381,
        "precipIntensityMax": 0.1802,
        "precipIntensityMaxTime": 1569286800,
        "precipProbability": 0.35,
        "precipType": "rain",
        "temperatureHigh": 30.66,
        "temperatureHighTime": 1569265200,
        "temperatureLow": 21.09,
        "temperatureLowTime": 1569326400,
        "apparentTemperatureHigh": 31.28,
        "apparentTemperatureHighTime": 1569265200,
        "apparentTemperatureLow": 21.09,
        "apparentTemperatureLowTime": 1569326400,
        "dewPoint": 19.24,
        "humidity": 0.68,
        "pressure": 1011.47,
        "windSpeed": 4.68,
        "windGust": 10.6,
        "windGustTime": 1569240000,
        "windBearing": 225,
        "cloudCover": 0.58,
        "uvIndex": 5,
        "uvIndexTime": 1569258000,
        "visibility": 16.017,
        "ozone": 264.9,
        "temperatureMin": 22.45,
        "temperatureMinTime": 1569236400,
        "temperatureMax": 30.66,
        "temperatureMaxTime": 1569265200,
        "apparentTemperatureMin": 22.98,
        "apparentTemperatureMinTime": 1569236400,
        "apparentTemperatureMax": 31.28,
        "apparentTemperatureMaxTime": 1569265200
      },
      {
        "time": 1569297600,
        "summary": "Clear throughout the day.",
        "icon": "rain",
        "sunriseTime": 1569322005,
        "sunsetTime": 1569365515,
        "moonPhase": 0.85,
        "precipIntensity": 0.0841,
        "precipIntensityMax": 0.5214,
        "precipIntensityMaxTime": 1569308400,
        "precipProbability": 0.5,
        "precipType": "rain",
        "temperatureHigh": 25.1,
        "temperatureHighTime": 1569351600,
        "temperatureLow": 16.67,
        "temperatureLowTime": 1569409200,
        "apparentTemperatureHigh": 25.1,
        "apparentTemperatureHighTime": 1569351600,
        "apparentTemperatureLow": 16.67,
        "apparentTemperatureLowTime": 1569409200,
        "dewPoint": 14.3,
        "humidity": 0.62,
        "pressure": 1009.57,
        "windSpeed": 4.43,
        "windGust": 11.16,
        "windGustTime": 1569326400,
        "windBearing": 310,
        "cloudCover": 0.11,
        "uvIndex": 6,
        "uvIndexTime": 1569344400,
        "visibility": 16.093,
        "ozone": 297.5,
        "temperatureMin": 19.94,
        "temperatureMinTime": 1569384000,
        "temperatureMax": 25.1,
        "temperatureMaxTime": 1569351600,
        "apparentTemperatureMin": 19.94,
        "apparentTemperatureMinTime": 1569384000,
        "apparentTemperatureMax": 25.1,
        "apparentTemperatureMaxTime": 1569351600
      },
      {
        "time": 1569384000,
        "summary": "Mostly cloudy throughout the day.",
        "icon": "partly-cloudy-day",
        "sunriseTime": 1569408463,
        "sunsetTime": 1569451813,
        "moonPhase": 0.89,
        "precipIntensity": 0.0016,
        "precipIntensityMax": 0.0072,
        "precipIntensityMaxTime": 1569402000,
        "precipProbability": 0.02,
        "precipType": "rain",
        "temperatureHigh": 24.35,
        "temperatureHighTime": 1569438000,
        "temperatureLow": 17.59,
        "temperatureLowTime": 1569488400,
        "apparentTemperatureHigh": 24.35,
        "apparentTemperatureHighTime": 1569438000,
        "apparentTemperatureLow": 17.64,
        "apparentTemperatureLowTime": 1569488400,
        "dewPoint": 12.44,
        "humidity": 0.6,
        "pressure": 1011.17,
        "windSpeed": 2.92,
        "windGust": 6.47,
        "windGustTime": 1569387600,
        "windBearing": 260,
        "cloudCover": 0.52,
        "uvIndex": 4,
        "uvIndexTime": 1569430800,
        "visibility": 16.093,
        "ozone": 287.3,
        "temperatureMin": 16.67,
        "temperatureMinTime": 1569409200,
        "temperatureMax": 24.35,
        "temperatureMaxTime": 1569438000,
        "apparentTemperatureMin": 16.67,
        "apparentTemperatureMinTime": 1569409200,
        "apparentTemperatureMax": 24.35,
        "apparentTemperatureMaxTime": 1569438000
      },
      {
        "time": 1569470400,
        "summary": "Mostly cloudy throughout the day.",
        "icon": "partly-cloudy-day",
        "sunriseTime": 1569494922,
        "sunsetTime": 1569538111,
        "moonPhase": 0.93,
        "precipIntensity": 0.003,
        "precipIntensityMax": 0.0083,
        "precipIntensityMaxTime": 1569520800,
        "precipProbability": 0.06,
        "precipType": "rain",
        "temperatureHigh": 28.21,
        "temperatureHighTime": 1569520800,
        "temperatureLow": 16.81,
        "temperatureLowTime": 1569582000,
        "apparentTemperatureHigh": 28.81,
        "apparentTemperatureHighTime": 1569520800,
        "apparentTemperatureLow": 16.81,
        "apparentTemperatureLowTime": 1569582000,
        "dewPoint": 15.53,
        "humidity": 0.68,
        "pressure": 1009.17,
        "windSpeed": 4.08,
        "windGust": 8.87,
        "windGustTime": 1569531600,
        "windBearing": 211,
        "cloudCover": 0.51,
        "uvIndex": 5,
        "uvIndexTime": 1569513600,
        "visibility": 16.093,
        "ozone": 273.8,
        "temperatureMin": 17.59,
        "temperatureMinTime": 1569488400,
        "temperatureMax": 28.21,
        "temperatureMaxTime": 1569520800,
        "apparentTemperatureMin": 17.64,
        "apparentTemperatureMinTime": 1569488400,
        "apparentTemperatureMax": 28.81,
        "apparentTemperatureMaxTime": 1569520800
      },
      {
        "time": 1569556800,
        "summary": "Partly cloudy throughout the day.",
        "icon": "partly-cloudy-day",
        "sunriseTime": 1569581382,
        "sunsetTime": 1569624410,
        "moonPhase": 0.97,
        "precipIntensity": 0.0019,
        "precipIntensityMax": 0.0083,
        "precipIntensityMaxTime": 1569556800,
        "precipProbability": 0.03,
        "precipType": "rain",
        "temperatureHigh": 24.71,
        "temperatureHighTime": 1569614400,
        "temperatureLow": 14.91,
        "temperatureLowTime": 1569661200,
        "apparentTemperatureHigh": 24.71,
        "apparentTemperatureHighTime": 1569614400,
        "apparentTemperatureLow": 14.91,
        "apparentTemperatureLowTime": 1569661200,
        "dewPoint": 8.66,
        "humidity": 0.48,
        "pressure": 1018.66,
        "windSpeed": 3.44,
        "windGust": 8.73,
        "windGustTime": 1569582000,
        "windBearing": 329,
        "cloudCover": 0.25,
        "uvIndex": 6,
        "uvIndexTime": 1569603600,
        "visibility": 16.093,
        "ozone": 270.4,
        "temperatureMin": 16.81,
        "temperatureMinTime": 1569582000,
        "temperatureMax": 24.71,
        "temperatureMaxTime": 1569614400,
        "apparentTemperatureMin": 16.81,
        "apparentTemperatureMinTime": 1569582000,
        "apparentTemperatureMax": 24.71,
        "apparentTemperatureMaxTime": 1569614400
      }
    ]
  },
  "offset": -4
}
