{
  "latitude": -36.8051115,
  "longitude": 174.6943808,
  "timezone": "Pacific/Auckland",
  "currently": {
    "time": 1567857600,
    "summary": "Mostly Cloudy",
    "icon": "partly-cloudy-night",
    "precipIntensity": 0,
    "precipProbability": 0,
    "temperature": 8.16,
    "apparentTemperature": 6.58,
    "dewPoint": 5.67,
    "humidity": 0.84,
    "pressure": 1007.74,
    "windSpeed": 2.58,
    "windGust": 5.17,
    "windBearing": 1,
    "cloudCover": 0.75,
    "uvIndex": 0,
    "visibility": 10.003,
    "ozone": 362.2
  },
  "hourly": {
    "summary": "Light rain overnight and in the morning.",
    "icon": "rain",
    "data": [
      {
        "time": 1567857600,
        "summary": "Mostly Cloudy",
        "icon": "partly-cloudy-night",
        "precipIntensity": 0,
        "precipProbability": 0,
        "temperature": 8.16,
        "apparentTemperature": 6.58,
        "dewPoint": 5.67,
        "humidity": 0.84,
        "pressure": 1007.74,
        "windSpeed": 2.58,
        "windGust": 5.17,
        "windBearing": 1,
        "cloudCover": 0.75,
        "uvIndex": 0,
        "visibility": 10.003,
        "ozone": 362.2
      },
      {
        "time": 1567861200,
        "summary": "Partly Cloudy",
        "icon": "partly-cloudy-night",
        "precipIntensity": 0.1382,
        "precipProbability": 0.14,
        "precipType": "rain",
        "temperature": 9.67,
        "apparentTemperature": 8.74,
        "dewPoint": 7.31,
        "humidity": 0.85,
        "pressure": 1008.03,
        "windSpeed": 2.09,
        "windGust": 6.12,
        "windBearing": 47,
        "cloudCover": 0.19,
        "uvIndex": 0,
        "visibility": 9.951,
        "ozone": 361.8
      },
      {
        "time": 1567864800,
        "summary": "Possible Light Rain",
        "icon": "rain",
        "precipIntensity": 0.7659,
        "precipProbability": 0.38,
        "precipType": "rain",
        "temperature": 10.07,
        "apparentTemperature": 10.07,
        "dewPoint": 7.57,
        "humidity": 0.84,
        "pressure": 1007.02,
        "windSpeed": 2.21,
        "windGust": 7.53,
        "windBearing": 20,
        "cloudCover": 0.44,
        "uvIndex": 0,
        "visibility": 9.881,
        "ozone": 361.8
      },
      {
        "time": 1567868400,
        "summary": "Possible Light Rain",
        "icon": "rain",
        "precipIntensity": 1.4796,
        "precipProbability": 0.51,
        "precipType": "rain",
        "temperature": 11.07,
        "apparentTemperature": 11.07,
        "dewPoint": 8.65,
        "humidity": 0.85,
        "pressure": 1006.01,
        "windSpeed": 3.41,
        "windGust": 8.8,
        "windBearing": 26,
        "cloudCover": 0.75,
        "uvIndex": 0,
        "visibility": 9.857,
        "ozone": 362.7
      },
      {
        "time": 1567872000,
        "summary": "Possible Light Rain",
        "icon": "rain",
        "precipIntensity": 1.739,
        "precipProbability": 0.63,
        "precipType": "rain",
        "temperature": 11.2,
        "apparentTemperature": 11.2,
        "dewPoint": 10.62,
        "humidity": 0.96,
        "pressure": 1004.98,
        "windSpeed": 6.5,
        "windGust": 9.74,
        "windBearing": 9,
        "cloudCover": 0.75,
        "uvIndex": 0,
        "visibility": 7.908,
        "ozone": 364.9
      },
      {
        "time": 1567875600,
        "summary": "Possible Light Rain",
        "icon": "rain",
        "precipIntensity": 2.0517,
        "precipProbability": 0.61,
        "precipType": "rain",
        "temperature": 11.26,
        "apparentTemperature": 11.26,
        "dewPoint": 10.55,
        "humidity": 0.95,
        "pressure": 1003.98,
        "windSpeed": 9.29,
        "windGust": 10.54,
        "windBearing": 18,
        "cloudCover": 1,
        "uvIndex": 0,
        "visibility": 10.005,
        "ozone": 367.9
      },
      {
        "time": 1567879200,
        "summary": "Possible Light Rain",
        "icon": "rain",
        "precipIntensity": 1.4325,
        "precipProbability": 0.51,
        "precipType": "rain",
        "temperature": 12.23,
        "apparentTemperature": 12.23,
        "dewPoint": 12.23,
        "humidity": 1,
        "pressure": 1003.21,
        "windSpeed": 6.32,
        "windGust": 11.81,
        "windBearing": 329,
        "cloudCover": 0.75,
        "uvIndex": 0,
        "visibility": 10.64,
        "ozone": 371.4
      },
      {
        "time": 1567882800,
        "summary": "Possible Light Rain",
        "icon": "rain",
        "precipIntensity": 0.8206,
        "precipProbability": 0.48,
        "precipType": "rain",
        "temperature": 13.07,
        "apparentTemperature": 13.07,
        "dewPoint": 12.5,
        "humidity": 0.96,
        "pressure": 1003.31,
        "windSpeed": 7.59,
        "windGust": 12.05,
        "windBearing": 318,
        "cloudCover": 1,
        "uvIndex": 0,
        "visibility": 13.792,
        "ozone": 372.4
      },
      {
        "time": 1567886400,
        "summary": "Possible Drizzle",
        "icon": "rain",
        "precipIntensity": 0.2366,
        "precipProbability": 0.39,
        "precipType": "rain",
        "temperature": 12.98,
        "apparentTemperature": 12.98,
        "dewPoint": 12.43,
        "humidity": 0.97,
        "pressure": 1003.83,
        "windSpeed": 5.71,
        "windGust": 11.94,
        "windBearing": 319,
        "cloudCover": 1,
        "uvIndex": 0,
        "visibility": 13.447,
        "ozone": 372.5
      },
      {
        "time": 1567890000,
        "summary": "Mostly Cloudy",
        "icon": "partly-cloudy-day",
        "precipIntensity": 0.0553,
        "precipProbability": 0.23,
        "precipType": "rain",
        "temperature": 15.91,
        "apparentTemperature": 15.91,
        "dewPoint": 12.22,
        "humidity": 0.79,
        "pressure": 1004.21,
        "windSpeed": 8.26,
        "windGust": 11.75,
        "windBearing": 298,
        "cloudCover": 0.75,
        "uvIndex": 1,
        "visibility": 12.908,
        "ozone": 372.2
      },
      {
        "time": 1567893600,
        "summary": "Mostly Cloudy",
        "icon": "partly-cloudy-day",
        "precipIntensity": 0.034,
        "precipProbability": 0.18,
        "precipType": "rain",
        "temperature": 15.96,
        "apparentTemperature": 15.96,
        "dewPoint": 12.18,
        "humidity": 0.78,
        "pressure": 1004.07,
        "windSpeed": 9.25,
        "windGust": 14.22,
        "windBearing": 282,
        "cloudCover": 0.75,
        "uvIndex": 2,
        "visibility": 12.213,
        "ozone": 371.6
      },
      {
        "time": 1567897200,
        "summary": "Mostly Cloudy",
        "icon": "partly-cloudy-day",
        "precipIntensity": 0.0314,
        "precipProbability": 0.15,
        "precipType": "rain",
        "temperature": 16.87,
        "apparentTemperature": 16.87,
        "dewPoint": 12.11,
        "humidity": 0.74,
        "pressure": 1003.92,
        "windSpeed": 9.83,
        "windGust": 11.27,
        "windBearing": 271,
        "cloudCover": 0.75,
        "uvIndex": 3,
        "visibility": 11.342,
        "ozone": 370.6
      },
      {
        "time": 1567900800,
        "summary": "Windy and Mostly Cloudy",
        "icon": "partly-cloudy-day",
        "precipIntensity": 0.0381,
        "precipProbability": 0.16,
        "precipType": "rain",
        "temperature": 16.82,
        "apparentTemperature": 16.82,
        "dewPoint": 10.92,
        "humidity": 0.68,
        "pressure": 1003.71,
        "windSpeed": 11.89,
        "windGust": 11.89,
        "windBearing": 271,
        "cloudCover": 0.75,
        "uvIndex": 3,
        "visibility": 10.705,
        "ozone": 369.8
      },
      {
        "time": 1567904400,
        "summary": "Windy and Partly Cloudy",
        "icon": "partly-cloudy-day",
        "precipIntensity": 0.0149,
        "precipProbability": 0.08,
        "precipType": "rain",
        "temperature": 17.12,
        "apparentTemperature": 17.12,
        "dewPoint": 11.16,
        "humidity": 0.68,
        "pressure": 1002.73,
        "windSpeed": 11.7,
        "windGust": 11.7,
        "windBearing": 273,
        "cloudCover": 0.44,
        "uvIndex": 4,
        "visibility": 11.049,
        "ozone": 364.4
      },
      {
        "time": 1567908000,
        "summary": "Partly Cloudy",
        "icon": "partly-cloudy-day",
        "precipIntensity": 0.0447,
        "precipProbability": 0.12,
        "precipType": "rain",
        "temperature": 16.87,
        "apparentTemperature": 16.87,
        "dewPoint": 11.11,
        "humidity": 0.69,
        "pressure": 1002.65,
        "windSpeed": 10.15,
        "windGust": 10.51,
        "windBearing": 263,
        "cloudCover": 0.19,
        "uvIndex": 3,
        "visibility": 12.769,
        "ozone": 365.2
      },
      {
        "time": 1567911600,
        "summary": "Mostly Cloudy",
        "icon": "partly-cloudy-day",
        "precipIntensity": 0.0874,
        "precipProbability": 0.17,
        "precipType": "rain",
        "temperature": 16.03,
        "apparentTemperature": 16.03,
        "dewPoint": 11.31,
        "humidity": 0.74,
        "pressure": 1002.57,
        "windSpeed": 8.5,
        "windGust": 10.5,
        "windBearing": 273,
        "cloudCover": 0.75,
        "uvIndex": 2,
        "visibility": 13.814,
        "ozone": 366.4
      },
      {
        "time": 1567915200,
        "summary": "Mostly Cloudy",
        "icon": "partly-cloudy-day",
        "precipIntensity": 0.1143,
        "precipProbability": 0.19,
        "precipType": "rain",
        "temperature": 15.97,
        "apparentTemperature": 15.97,
        "dewPoint": 10.27,
        "humidity": 0.69,
        "pressure": 1002.63,
        "windSpeed": 8.52,
        "windGust": 10.7,
        "windBearing": 283,
        "cloudCover": 0.75,
        "uvIndex": 1,
        "visibility": 13.333,
        "ozone": 367.9
      },
      {
        "time": 1567918800,
        "summary": "Mostly Cloudy",
        "icon": "partly-cloudy-day",
        "precipIntensity": 0.1364,
        "precipProbability": 0.21,
        "precipType": "rain",
        "temperature": 14.87,
        "apparentTemperature": 14.87,
        "dewPoint": 12.23,
        "humidity": 0.84,
        "pressure": 1002.78,
        "windSpeed": 7.55,
        "windGust": 10.97,
        "windBearing": 302,
        "cloudCover": 0.75,
        "uvIndex": 0,
        "visibility": 12.148,
        "ozone": 369.8
      },
      {
        "time": 1567922400,
        "summary": "Partly Cloudy",
        "icon": "partly-cloudy-day",
        "precipIntensity": 0.0331,
        "precipProbability": 0.06,
        "precipType": "rain",
        "temperature": 13.66,
        "apparentTemperature": 13.66,
        "dewPoint": 11.22,
        "humidity": 0.85,
        "pressure": 1002.66,
        "windSpeed": 6.82,
        "windGust": 9.02,
        "windBearing": 312,
        "cloudCover": 0.44,
        "uvIndex": 0,
        "visibility": 16.093,
        "ozone": 374.1
      },
      {
        "time": 1567926000,
        "summary": "Overcast",
        "icon": "cloudy",
        "precipIntensity": 0.0352,
        "precipProbability": 0.07,
        "precipType": "rain",
        "temperature": 13.51,
        "apparentTemperature": 13.51,
        "dewPoint": 11.43,
        "humidity": 0.87,
        "pressure": 1002.8,
        "windSpeed": 2.5,
        "windGust": 8.37,
        "windBearing": 354,
        "cloudCover": 1,
        "uvIndex": 0,
        "visibility": 16.093,
        "ozone": 377.3
      },
      {
        "time": 1567929600,
        "summary": "Mostly Cloudy",
        "icon": "partly-cloudy-night",
        "precipIntensity": 0.0436,
        "precipProbability": 0.1,
        "precipType": "rain",
        "temperature": 13.33,
        "apparentTemperature": 13.33,
        "dewPoint": 12.31,
        "humidity": 0.94,
        "pressure": 1003.06,
        "windSpeed": 1.67,
        "windGust": 7.71,
        "windBearing": 340,
        "cloudCover": 0.75,
        "uvIndex": 0,
        "visibility": 15.065,
        "ozone": 380.5
      },
      {
        "time": 1567933200,
        "summary": "Mostly Cloudy",
        "icon": "partly-cloudy-night",
        "precipIntensity": 0.0635,
        "precipProbability": 0.13,
        "precipType": "rain",
        "temperature": 13.27,
        "apparentTemperature": 13.27,
        "dewPoint": 13.2,
        "humidity": 1,
        "pressure": 1003.07,
        "windSpeed": 2.13,
        "windGust": 7.45,
        "windBearing": 309,
        "cloudCover": 0.75,
        "uvIndex": 0,
        "visibility": 13.921,
        "ozone": 382.3
      },
      {
        "time": 1567936800,
        "summary": "Mostly Cloudy",
        "icon": "partly-cloudy-night",
        "precipIntensity": 0.1239,
        "precipProbability": 0.26,
        "precipType": "rain",
        "temperature": 13.38,
        "apparentTemperature": 13.38,
        "dewPoint": 13.04,
        "humidity": 0.98,
        "pressure": 1002.89,
        "windSpeed": 2.24,
        "windGust": 7.98,
        "windBearing": 318,
        "cloudCover": 0.75,
        "uvIndex": 0,
        "visibility": 12.825,
        "ozone": 381.3
      },
      {
        "time": 1567940400,
        "summary": "Possible Drizzle",
        "icon": "rain",
        "precipIntensity": 0.2919,
        "precipProbability": 0.47,
        "precipType": "rain",
        "temperature": 12.57,
        "apparentTemperature": 12.57,
        "dewPoint": 11.9,
        "humidity": 0.96,
        "pressure": 1002.45,
        "windSpeed": 2.97,
        "windGust": 8.9,
        "windBearing": 301,
        "cloudCover": 0.75,
        "uvIndex": 0,
        "visibility": 10.677,
        "ozone": 379.1
      }
    ]
  },
  "daily": {
    "data": [
      {
        "time": 1567857600,
        "summary": "Light rain in the morning and overnight.",
        "icon": "rain",
        "sunriseTime": 1567881247,
        "sunsetTime": 1567922829,
        "moonPhase": 0.32,
        "precipIntensity": 0.4088,
        "precipIntensityMax": 2.0517,
        "precipIntensityMaxTime": 1567875600,
        "precipProbability": 0.87,
        "precipType": "rain",
        "temperatureHigh": 17.12,
        "temperatureHighTime": 1567904400,
        "temperatureLow": 9.68,
        "temperatureLowTime": 1567965600,
        "apparentTemperatureHigh": 17.12,
        "apparentTemperatureHighTime": 1567904400,
        "apparentTemperatureLow": 9.44,
        "apparentTemperatureLowTime": 1567965600,
        "dewPoint": 11.01,
        "humidity": 0.85,
        "pressure": 1003.93,
        "windSpeed": 6.24,
        "windGust": 14.22,
        "windGustTime": 1567893600,
        "windBearing": 303,
        "cloudCover": 0.71,
        "uvIndex": 4,
        "uvIndexTime": 1567904400,
        "visibility": 12.102,
        "ozone": 370.4,
        "temperatureMin": 8.16,
        "temperatureMinTime": 1567857600,
        "temperatureMax": 17.12,
        "temperatureMaxTime": 1567904400,
        "apparentTemperatureMin": 6.58,
        "apparentTemperatureMinTime": 1567857600,
        "apparentTemperatureMax": 17.12,
        "apparentTemperatureMaxTime": 1567904400
      }
    ]
  },
  "offset": 12
}
