{
  "latitude": -36.8051115,
  "longitude": 174.6943808,
  "timezone": "Pacific/Auckland",
  "currently": {
    "time": 1567857600,
    "summary": "Mostly Cloudy",
    "icon": "partly-cloudy-night",
    "precipIntensity": 0,
    "precipProbability": 0,
    "temperature": 46.69,
    "apparentTemperature": 43.85,
    "dewPoint": 42.21,
    "humidity": 0.84,
    "pressure": 1007.74,
    "windSpeed": 5.77,
    "windGust": 11.57,
    "windBearing": 1,
    "cloudCover": 0.75,
    "uvIndex": 0,
    "visibility": 6.216,
    "ozone": 362.2
  },
  "hourly": {
    "summary": "Light rain overnight and in the morning.",
    "icon": "rain",
    "data": [
      {
        "time": 1567857600,
        "summary": "Mostly Cloudy",
        "icon": "partly-cloudy-night",
        "precipIntensity": 0,
        "precipProbability": 0,
        "temperature": 46.69,
        "apparentTemperature": 43.85,
        "dewPoint": 42.21,
        "humidity": 0.84,
        "pressure": 1007.74,
        "windSpeed": 5.77,
        "windGust": 11.57,
        "windBearing": 1,
        "cloudCover": 0.75,
        "uvIndex": 0,
        "visibility": 6.216,
        "ozone": 362.2
      },
      {
        "time": 1567861200,
        "summary": "Partly Cloudy",
        "icon": "partly-cloudy-night",
        "precipIntensity": 0.0054,
        "precipProbability": 0.14,
        "precipType": "rain",
        "temperature": 49.41,
        "apparentTemperature": 47.74,
        "dewPoint": 45.16,
        "humidity": 0.85,
        "pressure": 1008.03,
        "windSpeed": 4.67,
        "windGust": 13.69,
        "windBearing": 47,
        "cloudCover": 0.19,
        "uvIndex": 0,
        "visibility": 6.183,
        "ozone": 361.8
      },
      {
        "time": 1567864800,
        "summary": "Possible Light Rain",
        "icon": "rain",
        "precipIntensity": 0.0302,
        "precipProbability": 0.38,
        "precipType": "rain",
        "temperature": 50.12,
        "apparentTemperature": 50.12,
        "dewPoint": 45.63,
        "humidity": 0.84,
        "pressure": 1007.02,
        "windSpeed": 4.94,
        "windGust": 16.85,
        "windBearing": 20,
        "cloudCover": 0.44,
        "uvIndex": 0,
        "visibility": 6.14,
        "ozone": 361.8
      },
      {
        "time": 1567868400,
        "summary": "Possible Light Rain",
        "icon": "rain",
        "precipIntensity": 0.0583,
        "precipProbability": 0.51,
        "precipType": "rain",
        "temperature": 51.92,
        "apparentTemperature": 51.92,
        "dewPoint": 47.57,
        "humidity": 0.85,
        "pressure": 1006.01,
        "windSpeed": 7.62,
        "windGust": 19.69,
        "windBearing": 26,
        "cloudCover": 0.75,
        "uvIndex": 0,
        "visibility": 6.125,
        "ozone": 362.7
      },
      {
        "time": 1567872000,
        "summary": "Possible Light Rain",
        "icon": "rain",
        "precipIntensity": 0.0685,
        "precipProbability": 0.63,
        "precipType": "rain",
        "temperature": 52.15,
        "apparentTemperature": 52.15,
        "dewPoint": 51.11,
        "humidity": 0.96,
        "pressure": 1004.98,
        "windSpeed": 14.53,
        "windGust": 21.8,
        "windBearing": 9,
        "cloudCover": 0.75,
        "uvIndex": 0,
        "visibility": 4.914,
        "ozone": 364.9
      },
      {
        "time": 1567875600,
        "summary": "Possible Light Rain",
        "icon": "rain",
        "precipIntensity": 0.0808,
        "precipProbability": 0.61,
        "precipType": "rain",
        "temperature": 52.27,
        "apparentTemperature": 52.27,
        "dewPoint": 50.98,
        "humidity": 0.95,
        "pressure": 1003.98,
        "windSpeed": 20.78,
        "windGust": 23.59,
        "windBearing": 18,
        "cloudCover": 1,
        "uvIndex": 0,
        "visibility": 6.217,
        "ozone": 367.9
      },
      {
        "time": 1567879200,
        "summary": "Possible Light Rain",
        "icon": "rain",
        "precipIntensity": 0.0564,
        "precipProbability": 0.51,
        "precipType": "rain",
        "temperature": 54.01,
        "apparentTemperature": 54.01,
        "dewPoint": 54.01,
        "humidity": 1,
        "pressure": 1003.21,
        "windSpeed": 14.13,
        "windGust": 26.42,
        "windBearing": 329,
        "cloudCover": 0.75,
        "uvIndex": 0,
        "visibility": 6.611,
        "ozone": 371.4
      },
      {
        "time": 1567882800,
        "summary": "Possible Light Rain",
        "icon": "rain",
        "precipIntensity": 0.0323,
        "precipProbability": 0.48,
        "precipType": "rain",
        "temperature": 55.53,
        "apparentTemperature": 55.53,
        "dewPoint": 54.5,
        "humidity": 0.96,
        "pressure": 1003.31,
        "windSpeed": 16.97,
        "windGust": 26.96,
        "windBearing": 318,
        "cloudCover": 1,
        "uvIndex": 0,
        "visibility": 8.57,
        "ozone": 372.4
      },
      {
        "time": 1567886400,
        "summary": "Possible Drizzle",
        "icon": "rain",
        "precipIntensity": 0.0093,
        "precipProbability": 0.39,
        "precipType": "rain",
        "temperature": 55.36,
        "apparentTemperature": 55.36,
        "dewPoint": 54.38,
        "humidity": 0.97,
        "pressure": 1003.83,
        "windSpeed": 12.78,
        "windGust": 26.71,
        "windBearing": 319,
        "cloudCover": 1,
        "uvIndex": 0,
        "visibility": 8.356,
        "ozone": 372.5
      },
      {
        "time": 1567890000,
        "summary": "Mostly Cloudy",
        "icon": "partly-cloudy-day",
        "precipIntensity": 0.0022,
        "precipProbability": 0.23,
        "precipType": "rain",
        "temperature": 60.65,
        "apparentTemperature": 60.65,
        "dewPoint": 54,
        "humidity": 0.79,
        "pressure": 1004.21,
        "windSpeed": 18.49,
        "windGust": 26.28,
        "windBearing": 298,
        "cloudCover": 0.75,
        "uvIndex": 1,
        "visibility": 8.021,
        "ozone": 372.2
      },
      {
        "time": 1567893600,
        "summary": "Mostly Cloudy",
        "icon": "partly-cloudy-day",
        "precipIntensity": 0.0013,
        "precipProbability": 0.18,
        "precipType": "rain",
        "temperature": 60.73,
        "apparentTemperature": 60.73,
        "dewPoint": 53.92,
        "humidity": 0.78,
        "pressure": 1004.07,
        "windSpeed": 20.7,
        "windGust": 31.82,
        "windBearing": 282,
        "cloudCover": 0.75,
        "uvIndex": 2,
        "visibility": 7.589,
        "ozone": 371.6
      },
      {
        "time": 1567897200,
        "summary": "Mostly Cloudy",
        "icon": "partly-cloudy-day",
        "precipIntensity": 0.0012,
        "precipProbability": 0.15,
        "precipType": "rain",
        "temperature": 62.36,
        "apparentTemperature": 62.36,
        "dewPoint": 53.8,
        "humidity": 0.74,
        "pressure": 1003.92,
        "windSpeed": 21.99,
        "windGust": 25.21,
        "windBearing": 271,
        "cloudCover": 0.75,
        "uvIndex": 3,
        "visibility": 7.047,
        "ozone": 370.6
      },
      {
        "time": 1567900800,
        "summary": "Windy and Mostly Cloudy",
        "icon": "partly-cloudy-day",
        "precipIntensity": 0.0015,
        "precipProbability": 0.16,
        "precipType": "rain",
        "temperature": 62.28,
        "apparentTemperature": 62.28,
        "dewPoint": 51.66,
        "humidity": 0.68,
        "pressure": 1003.71,
        "windSpeed": 26.59,
        "windGust": 26.59,
        "windBearing": 271,
        "cloudCover": 0.75,
        "uvIndex": 3,
        "visibility": 6.652,
        "ozone": 369.8
      },
      {
        "time": 1567904400,
        "summary": "Windy and Partly Cloudy",
        "icon": "partly-cloudy-day",
        "precipIntensity": 0.0006,
        "precipProbability": 0.08,
        "precipType": "rain",
        "temperature": 62.81,
        "apparentTemperature": 62.81,
        "dewPoint": 52.09,
        "humidity": 0.68,
        "pressure": 1002.73,
        "windSpeed": 26.18,
        "windGust": 26.18,
        "windBearing": 273,
        "cloudCover": 0.44,
        "uvIndex": 4,
        "visibility": 6.866,
        "ozone": 364.4
      },
      {
        "time": 1567908000,
        "summary": "Partly Cloudy",
        "icon": "partly-cloudy-day",
        "precipIntensity": 0.0018,
        "precipProbability": 0.12,
        "precipType": "rain",
        "temperature": 62.37,
        "apparentTemperature": 62.37,
        "dewPoint": 52,
        "humidity": 0.69,
        "pressure": 1002.65,
        "windSpeed": 22.69,
        "windGust": 23.52,
        "windBearing": 263,
        "cloudCover": 0.19,
        "uvIndex": 3,
        "visibility": 7.934,
        "ozone": 365.2
      },
      {
        "time": 1567911600,
        "summary": "Mostly Cloudy",
        "icon": "partly-cloudy-day",
        "precipIntensity": 0.0034,
        "precipProbability": 0.17,
        "precipType": "rain",
        "temperature": 60.85,
        "apparentTemperature": 60.85,
        "dewPoint": 52.36,
        "humidity": 0.74,
        "pressure": 1002.57,
        "windSpeed": 19.01,
        "windGust": 23.48,
        "windBearing": 273,
        "cloudCover": 0.75,
        "uvIndex": 2,
        "visibility": 8.584,
        "ozone": 366.4
      },
      {
        "time": 1567915200,
        "summary": "Mostly Cloudy",
        "icon": "partly-cloudy-day",
        "precipIntensity": 0.0045,
        "precipProbability": 0.19,
        "precipType": "rain",
        "temperature": 60.75,
        "apparentTemperature": 60.75,
        "dewPoint": 50.48,
        "humidity": 0.69,
        "pressure": 1002.63,
        "windSpeed": 19.05,
        "windGust": 23.93,
        "windBearing": 283,
        "cloudCover": 0.75,
        "uvIndex": 1,
        "visibility": 8.285,
        "ozone": 367.9
      },
      {
        "time": 1567918800,
        "summary": "Mostly Cloudy",
        "icon": "partly-cloudy-day",
        "precipIntensity": 0.0054,
        "precipProbability": 0.21,
        "precipType": "rain",
        "temperature": 58.77,
        "apparentTemperature": 58.77,
        "dewPoint": 54.02,
        "humidity": 0.84,
        "pressure": 1002.78,
        "windSpeed": 16.88,
        "windGust": 24.55,
        "windBearing": 302,
        "cloudCover": 0.75,
        "uvIndex": 0,
        "visibility": 7.549,
        "ozone": 369.8
      },
      {
        "time": 1567922400,
        "summary": "Partly Cloudy",
        "icon": "partly-cloudy-day",
        "precipIntensity": 0.0013,
        "precipProbability": 0.06,
        "precipType": "rain",
        "temperature": 56.59,
        "apparentTemperature": 56.59,
        "dewPoint": 52.19,
        "humidity": 0.85,
        "pressure": 1002.66,
        "windSpeed": 15.26,
        "windGust": 20.17,
        "windBearing": 312,
        "cloudCover": 0.44,
        "uvIndex": 0,
        "visibility": 10,
        "ozone": 374.1
      },
      {
        "time": 1567926000,
        "summary": "Overcast",
        "icon": "cloudy",
        "precipIntensity": 0.0014,
        "precipProbability": 0.07,
        "precipType": "rain",
        "temperature": 56.31,
        "apparentTemperature": 56.31,
        "dewPoint": 52.58,
        "humidity": 0.87,
        "pressure": 1002.8,
        "windSpeed": 5.6,
        "windGust": 18.72,
        "windBearing": 354,
        "cloudCover": 1,
        "uvIndex": 0,
        "visibility": 10,
        "ozone": 377.3
      },
      {
        "time": 1567929600,
        "summary": "Mostly Cloudy",
        "icon": "partly-cloudy-night",
        "precipIntensity": 0.0017,
        "precipProbability": 0.1,
        "precipType": "rain",
        "temperature": 56,
        "apparentTemperature": 56,
        "dewPoint": 54.16,
        "humidity": 0.94,
        "pressure": 1003.06,
        "windSpeed": 3.73,
        "windGust": 17.26,
        "windBearing": 340,
        "cloudCover": 0.75,
        "uvIndex": 0,
        "visibility": 9.361,
        "ozone": 380.5
      },
      {
        "time": 1567933200,
        "summary": "Mostly Cloudy",
        "icon": "partly-cloudy-night",
        "precipIntensity": 0.0025,
        "precipProbability": 0.13,
        "precipType": "rain",
        "temperature": 55.88,
        "apparentTemperature": 55.88,
        "dewPoint": 55.76,
        "humidity": 1,
        "pressure": 1003.07,
        "windSpeed": 4.76,
        "windGust": 16.67,
        "windBearing": 309,
        "cloudCover": 0.75,
        "uvIndex": 0,
        "visibility": 8.65,
        "ozone": 382.3
      },
      {
        "time": 1567936800,
        "summary": "Mostly Cloudy",
        "icon": "partly-cloudy-night",
        "precipIntensity": 0.0049,
        "precipProbability": 0.26,
        "precipType": "rain",
        "temperature": 56.08,
        "apparentTemperature": 56.08,
        "dewPoint": 55.48,
        "humidity": 0.98,
        "pressure": 1002.89,
        "windSpeed": 5.02,
        "windGust": 17.85,
        "windBearing": 318,
        "cloudCover": 0.75,
        "uvIndex": 0,
        "visibility": 7.969,
        "ozone": 381.3
      },
      {
        "time": 1567940400,
        "summary": "Possible Drizzle",
        "icon": "rain",
        "precipIntensity": 0.0115,
        "precipProbability": 0.47,
        "precipType": "rain",
        "temperature": 54.62,
        "apparentTemperature": 54.62,
        "dewPoint": 53.42,
        "humidity": 0.96,
        "pressure": 1002.45,
        "windSpeed": 6.64,
        "windGust": 19.91,
        "windBearing": 301,
        "cloudCover": 0.75,
        "uvIndex": 0,
        "visibility": 6.634,
        "ozone": 379.1
      }
    ]
  },
  "daily": {
    "data": [
      {
        "time": 1567857600,
        "summary": "Light rain in the morning and overnight.",
        "icon": "rain",
        "sunriseTime": 1567881247,
        "sunsetTime": 1567922829,
        "moonPhase": 0.32,
        "precipIntensity": 0.0161,
        "precipIntensityMax": 0.0808,
        "precipIntensityMaxTime": 1567875600,
        "precipProbability": 0.87,
        "precipType": "rain",
        "temperatureHigh": 62.81,
        "temperatureHighTime": 1567904400,
        "temperatureLow": 49.43,
        "temperatureLowTime": 1567965600,
        "apparentTemperatureHigh": 62.81,
        "apparentTemperatureHighTime": 1567904400,
        "apparentTemperatureLow": 49,
        "apparentTemperatureLowTime": 1567965600,
        "dewPoint": 51.81,
        "humidity": 0.85,
        "pressure": 1003.93,
        "windSpeed": 13.95,
        "windGust": 31.82,
        "windGustTime": 1567893600,
        "windBearing": 303,
        "cloudCover": 0.71,
        "uvIndex": 4,
        "uvIndexTime": 1567904400,
        "visibility": 7.52,
        "ozone": 370.4,
        "temperatureMin": 46.69,
        "temperatureMinTime": 1567857600,
        "temperatureMax": 62.81,
        "temperatureMaxTime": 1567904400,
        "apparentTemperatureMin": 43.85,
        "apparentTemperatureMinTime": 1567857600,
        "apparentTemperatureMax": 62.81,
        "apparentTemperatureMaxTime": 1567904400
      }
    ]
  },
  "offset": 12
}
