{
  "latitude": -36.8484597,
  "longitude": 174.7633315,
  "timezone": "Pacific/Auckland",
  "currently": {
    "time": 1531594288,
    "summary": "Rain and Breezy",
    "icon": "rain",
    "precipIntensity": 5.0597,
    "precipProbability": 0.79,
    "precipType": "rain",
    "temperature": 13.58,
    "apparentTemperature": 13.58,
    "dewPoint": 13.17,
    "humidity": 0.97,
    "pressure": 1012.14,
    "windSpeed": 9.92,
    "windGust": 16.6,
    "windBearing": 70,
    "cloudCover": 0.86,
    "uvIndex": 0,
    "visibility": 6.5,
    "ozone": 303.19
  },
  "hourly": {
    "summary": "Rain until this evening and breezy later this morning.",
    "icon": "rain",
    "data": [
      {
        "time": 1531591200,
        "summary": "Rain and Breezy",
        "icon": "rain",
        "precipIntensity": 4.7498,
        "precipProbability": 0.8,
        "precipType": "rain",
        "temperature": 13.46,
        "apparentTemperature": 13.46,
        "dewPoint": 13.08,
        "humidity": 0.98,
        "pressure": 1012.17,
        "windSpeed": 9.85,
        "windGust": 17.01,
        "windBearing": 69,
        "cloudCover": 0.83,
        "uvIndex": 0,
        "visibility": 7.34,
        "ozone": 304.32
      },
      {
        "time": 1531594800,
        "summary": "Rain and Breezy",
        "icon": "rain",
        "precipIntensity": 5.1105,
        "precipProbability": 0.78,
        "precipType": "rain",
        "temperature": 13.6,
        "apparentTemperature": 13.6,
        "dewPoint": 13.18,
        "humidity": 0.97,
        "pressure": 1012.13,
        "windSpeed": 9.93,
        "windGust": 16.54,
        "windBearing": 70,
        "cloudCover": 0.86,
        "uvIndex": 0,
        "visibility": 6.37,
        "ozone": 303
      },
      {
        "time": 1531598400,
        "summary": "Rain and Breezy",
        "icon": "rain",
        "precipIntensity": 4.2647,
        "precipProbability": 0.68,
        "precipType": "rain",
        "temperature": 13.77,
        "apparentTemperature": 13.77,
        "dewPoint": 13.32,
        "humidity": 0.97,
        "pressure": 1012.07,
        "windSpeed": 10.14,
        "windGust": 15.87,
        "windBearing": 71,
        "cloudCover": 0.92,
        "uvIndex": 0,
        "visibility": 5.15,
        "ozone": 302.01
      },
      {
        "time": 1531602000,
        "summary": "Rain and Breezy",
        "icon": "rain",
        "precipIntensity": 3.9751,
        "precipProbability": 0.69,
        "precipType": "rain",
        "temperature": 13.78,
        "apparentTemperature": 13.78,
        "dewPoint": 13.49,
        "humidity": 0.98,
        "pressure": 1012.2,
        "windSpeed": 9.46,
        "windGust": 14.66,
        "windBearing": 65,
        "cloudCover": 0.97,
        "uvIndex": 0,
        "visibility": 3.99,
        "ozone": 301.12
      },
      {
        "time": 1531605600,
        "summary": "Rain",
        "icon": "rain",
        "precipIntensity": 3.2385,
        "precipProbability": 0.69,
        "precipType": "rain",
        "temperature": 13.89,
        "apparentTemperature": 13.91,
        "dewPoint": 13.68,
        "humidity": 0.99,
        "pressure": 1012.06,
        "windSpeed": 8.53,
        "windGust": 12.37,
        "windBearing": 57,
        "cloudCover": 1,
        "uvIndex": 1,
        "visibility": 2.74,
        "ozone": 300.19
      },
      {
        "time": 1531609200,
        "summary": "Rain",
        "icon": "rain",
        "precipIntensity": 2.1869,
        "precipProbability": 0.66,
        "precipType": "rain",
        "temperature": 14.14,
        "apparentTemperature": 14.16,
        "dewPoint": 13.82,
        "humidity": 0.98,
        "pressure": 1011.67,
        "windSpeed": 7.55,
        "windGust": 9.53,
        "windBearing": 52,
        "cloudCover": 1,
        "uvIndex": 1,
        "visibility": 2.04,
        "ozone": 299.23
      },
      {
        "time": 1531612800,
        "summary": "Rain",
        "icon": "rain",
        "precipIntensity": 1.9456,
        "precipProbability": 0.6,
        "precipType": "rain",
        "temperature": 14.48,
        "apparentTemperature": 14.48,
        "dewPoint": 13.79,
        "humidity": 0.96,
        "pressure": 1010.64,
        "windSpeed": 5.92,
        "windGust": 7.25,
        "windBearing": 48,
        "cloudCover": 1,
        "uvIndex": 1,
        "visibility": 3.46,
        "ozone": 297.7
      },
      {
        "time": 1531616400,
        "summary": "Rain",
        "icon": "rain",
        "precipIntensity": 1.6485,
        "precipProbability": 0.6,
        "precipType": "rain",
        "temperature": 14.96,
        "apparentTemperature": 14.96,
        "dewPoint": 13.53,
        "humidity": 0.91,
        "pressure": 1010.06,
        "windSpeed": 4.89,
        "windGust": 6.04,
        "windBearing": 26,
        "cloudCover": 1,
        "uvIndex": 1,
        "visibility": 9.14,
        "ozone": 294.9
      },
      {
        "time": 1531620000,
        "summary": "Rain",
        "icon": "rain",
        "precipIntensity": 1.651,
        "precipProbability": 0.64,
        "precipType": "rain",
        "temperature": 15.22,
        "apparentTemperature": 15.22,
        "dewPoint": 13.15,
        "humidity": 0.87,
        "pressure": 1009.7,
        "windSpeed": 3.65,
        "windGust": 5.4,
        "windBearing": 2,
        "cloudCover": 1,
        "uvIndex": 1,
        "visibility": 16.09,
        "ozone": 291.54
      },
      {
        "time": 1531623600,
        "summary": "Rain",
        "icon": "rain",
        "precipIntensity": 2.192,
        "precipProbability": 0.67,
        "precipType": "rain",
        "temperature": 15.01,
        "apparentTemperature": 15.01,
        "dewPoint": 12.78,
        "humidity": 0.87,
        "pressure": 1009.47,
        "windSpeed": 2.19,
        "windGust": 4.94,
        "windBearing": 312,
        "cloudCover": 0.85,
        "uvIndex": 1,
        "visibility": 16.09,
        "ozone": 289.01
      },
      {
        "time": 1531627200,
        "summary": "Rain",
        "icon": "rain",
        "precipIntensity": 2.38,
        "precipProbability": 0.6,
        "precipType": "rain",
        "temperature": 14.47,
        "apparentTemperature": 14.47,
        "dewPoint": 12.44,
        "humidity": 0.88,
        "pressure": 1009.45,
        "windSpeed": 3.09,
        "windGust": 4.62,
        "windBearing": 299,
        "cloudCover": 0.73,
        "uvIndex": 0,
        "visibility": 16.09,
        "ozone": 287.93
      },
      {
        "time": 1531630800,
        "summary": "Rain",
        "icon": "rain",
        "precipIntensity": 2.0777,
        "precipProbability": 0.53,
        "precipType": "rain",
        "temperature": 13.72,
        "apparentTemperature": 13.72,
        "dewPoint": 12.12,
        "humidity": 0.9,
        "pressure": 1009.56,
        "windSpeed": 2.88,
        "windGust": 4.47,
        "windBearing": 255,
        "cloudCover": 0.73,
        "uvIndex": 0,
        "visibility": 16.09,
        "ozone": 287.82
      },
      {
        "time": 1531634400,
        "summary": "Rain",
        "icon": "rain",
        "precipIntensity": 1.7018,
        "precipProbability": 0.41,
        "precipType": "rain",
        "temperature": 13.28,
        "apparentTemperature": 13.28,
        "dewPoint": 11.89,
        "humidity": 0.91,
        "pressure": 1009.84,
        "windSpeed": 3.08,
        "windGust": 4.39,
        "windBearing": 277,
        "cloudCover": 0.41,
        "uvIndex": 0,
        "visibility": 16.09,
        "ozone": 287.93
      },
      {
        "time": 1531638000,
        "summary": "Light Rain",
        "icon": "rain",
        "precipIntensity": 0.9855,
        "precipProbability": 0.42,
        "precipType": "rain",
        "temperature": 12.99,
        "apparentTemperature": 12.99,
        "dewPoint": 11.79,
        "humidity": 0.92,
        "pressure": 1010.05,
        "windSpeed": 2.84,
        "windGust": 4.01,
        "windBearing": 271,
        "cloudCover": 0.23,
        "uvIndex": 0,
        "visibility": 16.09,
        "ozone": 288.27
      },
      {
        "time": 1531641600,
        "summary": "Clear",
        "icon": "clear-night",
        "precipIntensity": 0.3404,
        "precipProbability": 0.32,
        "precipType": "rain",
        "temperature": 12.87,
        "apparentTemperature": 12.87,
        "dewPoint": 11.76,
        "humidity": 0.93,
        "pressure": 1010.41,
        "windSpeed": 3.02,
        "windGust": 3.59,
        "windBearing": 322,
        "cloudCover": 0.14,
        "uvIndex": 0,
        "visibility": 16.09,
        "ozone": 288.79
      },
      {
        "time": 1531645200,
        "summary": "Clear",
        "icon": "clear-night",
        "precipIntensity": 0.094,
        "precipProbability": 0.12,
        "precipType": "rain",
        "temperature": 12.62,
        "apparentTemperature": 12.62,
        "dewPoint": 11.74,
        "humidity": 0.94,
        "pressure": 1010.69,
        "windSpeed": 2.96,
        "windGust": 3.38,
        "windBearing": 304,
        "cloudCover": 0.23,
        "uvIndex": 0,
        "visibility": 16.09,
        "ozone": 289.17
      },
      {
        "time": 1531648800,
        "summary": "Partly Cloudy",
        "icon": "partly-cloudy-night",
        "precipIntensity": 0.0229,
        "precipProbability": 0.08,
        "precipType": "rain",
        "temperature": 12.38,
        "apparentTemperature": 12.38,
        "dewPoint": 11.76,
        "humidity": 0.96,
        "pressure": 1010.86,
        "windSpeed": 2.61,
        "windGust": 3.55,
        "windBearing": 296,
        "cloudCover": 0.39,
        "uvIndex": 0,
        "visibility": 16.09,
        "ozone": 289.22
      },
      {
        "time": 1531652400,
        "summary": "Partly Cloudy",
        "icon": "partly-cloudy-night",
        "precipIntensity": 0,
        "precipProbability": 0,
        "temperature": 12.31,
        "apparentTemperature": 12.31,
        "dewPoint": 11.81,
        "humidity": 0.97,
        "pressure": 1011.09,
        "windSpeed": 3.38,
        "windGust": 3.81,
        "windBearing": 333,
        "cloudCover": 0.47,
        "uvIndex": 0,
        "visibility": 16.09,
        "ozone": 289.12
      },
      {
        "time": 1531656000,
        "summary": "Partly Cloudy",
        "icon": "partly-cloudy-night",
        "precipIntensity": 0.0076,
        "precipProbability": 0.1,
        "precipType": "rain",
        "temperature": 12.27,
        "apparentTemperature": 12.27,
        "dewPoint": 11.81,
        "humidity": 0.97,
        "pressure": 1011.34,
        "windSpeed": 3.41,
        "windGust": 4.37,
        "windBearing": 316,
        "cloudCover": 0.37,
        "uvIndex": 0,
        "visibility": 16.09,
        "ozone": 288.87
      },
      {
        "time": 1531659600,
        "summary": "Partly Cloudy",
        "icon": "partly-cloudy-night",
        "precipIntensity": 0.0152,
        "precipProbability": 0.16,
        "precipType": "rain",
        "temperature": 12.16,
        "apparentTemperature": 12.16,
        "dewPoint": 11.73,
        "humidity": 0.97,
        "pressure": 1011.6,
        "windSpeed": 3.42,
        "windGust": 4.64,
        "windBearing": 311,
        "cloudCover": 0.3,
        "uvIndex": 0,
        "visibility": 16.09,
        "ozone": 288.2
      },
      {
        "time": 1531663200,
        "summary": "Partly Cloudy",
        "icon": "partly-cloudy-night",
        "precipIntensity": 0.0762,
        "precipProbability": 0.22,
        "precipType": "rain",
        "temperature": 12.07,
        "apparentTemperature": 12.07,
        "dewPoint": 11.61,
        "humidity": 0.97,
        "pressure": 1011.78,
        "windSpeed": 3.24,
        "windGust": 4.84,
        "windBearing": 312,
        "cloudCover": 0.28,
        "uvIndex": 0,
        "visibility": 14.55,
        "ozone": 287.33
      },
      {
        "time": 1531666800,
        "summary": "Partly Cloudy",
        "icon": "partly-cloudy-night",
        "precipIntensity": 0.1448,
        "precipProbability": 0.21,
        "precipType": "rain",
        "temperature": 11.78,
        "apparentTemperature": 11.78,
        "dewPoint": 11.43,
        "humidity": 0.98,
        "pressure": 1011.75,
        "windSpeed": 3.25,
        "windGust": 5.12,
        "windBearing": 314,
        "cloudCover": 0.29,
        "uvIndex": 0,
        "visibility": 11.51,
        "ozone": 287.39
      },
      {
        "time": 1531670400,
        "summary": "Partly Cloudy",
        "icon": "partly-cloudy-night",
        "precipIntensity": 0.1219,
        "precipProbability": 0.26,
        "precipType": "rain",
        "temperature": 11.22,
        "apparentTemperature": 11.22,
        "dewPoint": 11.15,
        "humidity": 1,
        "pressure": 1011.73,
        "windSpeed": 3.23,
        "windGust": 5.65,
        "windBearing": 317,
        "cloudCover": 0.25,
        "uvIndex": 0,
        "visibility": 11.83,
        "ozone": 288.88
      },
      {
        "time": 1531674000,
        "summary": "Partly Cloudy",
        "icon": "partly-cloudy-night",
        "precipIntensity": 0.0813,
        "precipProbability": 0.3,
        "precipType": "rain",
        "temperature": 10.78,
        "apparentTemperature": 10.78,
        "dewPoint": 10.78,
        "humidity": 1,
        "pressure": 1011.69,
        "windSpeed": 3.17,
        "windGust": 6.26,
        "windBearing": 319,
        "cloudCover": 0.26,
        "uvIndex": 0,
        "visibility": 13.9,
        "ozone": 291.31
      },
      {
        "time": 1531677600,
        "summary": "Partly Cloudy",
        "icon": "partly-cloudy-night",
        "precipIntensity": 0.0635,
        "precipProbability": 0.25,
        "precipType": "rain",
        "temperature": 10.72,
        "apparentTemperature": 10.72,
        "dewPoint": 10.57,
        "humidity": 0.99,
        "pressure": 1011.92,
        "windSpeed": 3.19,
        "windGust": 6.68,
        "windBearing": 321,
        "cloudCover": 0.3,
        "uvIndex": 0,
        "visibility": 15.88,
        "ozone": 294.33
      },
      {
        "time": 1531681200,
        "summary": "Partly Cloudy",
        "icon": "partly-cloudy-night",
        "precipIntensity": 0.0356,
        "precipProbability": 0.21,
        "precipType": "rain",
        "temperature": 11.01,
        "apparentTemperature": 11.01,
        "dewPoint": 10.48,
        "humidity": 0.97,
        "pressure": 1012.28,
        "windSpeed": 3.27,
        "windGust": 6.76,
        "windBearing": 321,
        "cloudCover": 0.3,
        "uvIndex": 0,
        "visibility": 16.09,
        "ozone": 298.48
      },
      {
        "time": 1531684800,
        "summary": "Partly Cloudy",
        "icon": "partly-cloudy-day",
        "precipIntensity": 0.0254,
        "precipProbability": 0.16,
        "precipType": "rain",
        "temperature": 11.39,
        "apparentTemperature": 11.39,
        "dewPoint": 10.46,
        "humidity": 0.94,
        "pressure": 1012.75,
        "windSpeed": 3.68,
        "windGust": 6.68,
        "windBearing": 317,
        "cloudCover": 0.32,
        "uvIndex": 0,
        "visibility": 16.09,
        "ozone": 303.27
      },
      {
        "time": 1531688400,
        "summary": "Partly Cloudy",
        "icon": "partly-cloudy-day",
        "precipIntensity": 0.0406,
        "precipProbability": 0.16,
        "precipType": "rain",
        "temperature": 11.75,
        "apparentTemperature": 11.75,
        "dewPoint": 10.43,
        "humidity": 0.92,
        "pressure": 1013.07,
        "windSpeed": 4,
        "windGust": 6.61,
        "windBearing": 313,
        "cloudCover": 0.33,
        "uvIndex": 0,
        "visibility": 16.09,
        "ozone": 307
      },
      {
        "time": 1531692000,
        "summary": "Partly Cloudy",
        "icon": "partly-cloudy-day",
        "precipIntensity": 0.0737,
        "precipProbability": 0.21,
        "precipType": "rain",
        "temperature": 12.12,
        "apparentTemperature": 12.12,
        "dewPoint": 10.28,
        "humidity": 0.89,
        "pressure": 1013.37,
        "windSpeed": 4.56,
        "windGust": 6.6,
        "windBearing": 295,
        "cloudCover": 0.28,
        "uvIndex": 1,
        "visibility": 16.09,
        "ozone": 308.62
      },
      {
        "time": 1531695600,
        "summary": "Clear",
        "icon": "clear-day",
        "precipIntensity": 0.1473,
        "precipProbability": 0.26,
        "precipType": "rain",
        "temperature": 12.61,
        "apparentTemperature": 12.61,
        "dewPoint": 10.12,
        "humidity": 0.85,
        "pressure": 1013.45,
        "windSpeed": 4.82,
        "windGust": 6.62,
        "windBearing": 286,
        "cloudCover": 0.13,
        "uvIndex": 1,
        "visibility": 16.09,
        "ozone": 309.22
      },
      {
        "time": 1531699200,
        "summary": "Clear",
        "icon": "clear-day",
        "precipIntensity": 0.2235,
        "precipProbability": 0.3,
        "precipType": "rain",
        "temperature": 13.26,
        "apparentTemperature": 13.26,
        "dewPoint": 10.02,
        "humidity": 0.81,
        "pressure": 1013.19,
        "windSpeed": 5,
        "windGust": 6.7,
        "windBearing": 289,
        "cloudCover": 0.23,
        "uvIndex": 1,
        "visibility": 16.09,
        "ozone": 309.67
      },
      {
        "time": 1531702800,
        "summary": "Clear",
        "icon": "clear-day",
        "precipIntensity": 0.1321,
        "precipProbability": 0.25,
        "precipType": "rain",
        "temperature": 13.85,
        "apparentTemperature": 13.85,
        "dewPoint": 10.01,
        "humidity": 0.78,
        "pressure": 1012.61,
        "windSpeed": 5.3,
        "windGust": 6.88,
        "windBearing": 345,
        "cloudCover": 0.22,
        "uvIndex": 1,
        "visibility": 16.09,
        "ozone": 310.42
      },
      {
        "time": 1531706400,
        "summary": "Clear",
        "icon": "clear-day",
        "precipIntensity": 0.0483,
        "precipProbability": 0.17,
        "precipType": "rain",
        "temperature": 14.18,
        "apparentTemperature": 14.18,
        "dewPoint": 10.06,
        "humidity": 0.76,
        "pressure": 1012.21,
        "windSpeed": 5.39,
        "windGust": 7.1,
        "windBearing": 209,
        "cloudCover": 0.1,
        "uvIndex": 1,
        "visibility": 16.09,
        "ozone": 311.13
      },
      {
        "time": 1531710000,
        "summary": "Clear",
        "icon": "clear-day",
        "precipIntensity": 0.0229,
        "precipProbability": 0.13,
        "precipType": "rain",
        "temperature": 14.13,
        "apparentTemperature": 14.13,
        "dewPoint": 10.05,
        "humidity": 0.76,
        "pressure": 1012.05,
        "windSpeed": 5.37,
        "windGust": 7.27,
        "windBearing": 268,
        "cloudCover": 0.22,
        "uvIndex": 1,
        "visibility": 16.09,
        "ozone": 310.93
      },
      {
        "time": 1531713600,
        "summary": "Clear",
        "icon": "clear-day",
        "precipIntensity": 0.0229,
        "precipProbability": 0.12,
        "precipType": "rain",
        "temperature": 13.65,
        "apparentTemperature": 13.65,
        "dewPoint": 9.93,
        "humidity": 0.78,
        "pressure": 1012.29,
        "windSpeed": 5.02,
        "windGust": 7.34,
        "windBearing": 260,
        "cloudCover": 0.11,
        "uvIndex": 0,
        "visibility": 16.09,
        "ozone": 309.42
      },
      {
        "time": 1531717200,
        "summary": "Clear",
        "icon": "clear-day",
        "precipIntensity": 0.0229,
        "precipProbability": 0.12,
        "precipType": "rain",
        "temperature": 12.86,
        "apparentTemperature": 12.86,
        "dewPoint": 9.74,
        "humidity": 0.81,
        "pressure": 1012.75,
        "windSpeed": 4.53,
        "windGust": 7.34,
        "windBearing": 277,
        "cloudCover": 0.02,
        "uvIndex": 0,
        "visibility": 16.09,
        "ozone": 307.1
      },
      {
        "time": 1531720800,
        "summary": "Clear",
        "icon": "clear-night",
        "precipIntensity": 0.0127,
        "precipProbability": 0.1,
        "precipType": "rain",
        "temperature": 12.33,
        "apparentTemperature": 12.33,
        "dewPoint": 9.61,
        "humidity": 0.83,
        "pressure": 1013.2,
        "windSpeed": 3.97,
        "windGust": 7.33,
        "windBearing": 265,
        "cloudCover": 0.07,
        "uvIndex": 0,
        "visibility": 16.09,
        "ozone": 304.65
      },
      {
        "time": 1531724400,
        "summary": "Clear",
        "icon": "clear-night",
        "precipIntensity": 0.0051,
        "precipProbability": 0.09,
        "precipType": "rain",
        "temperature": 12.13,
        "apparentTemperature": 12.13,
        "dewPoint": 9.67,
        "humidity": 0.85,
        "pressure": 1013.57,
        "windSpeed": 2.8,
        "windGust": 7.32,
        "windBearing": 227,
        "cloudCover": 0.06,
        "uvIndex": 0,
        "visibility": 16.09,
        "ozone": 301.77
      },
      {
        "time": 1531728000,
        "summary": "Clear",
        "icon": "clear-night",
        "precipIntensity": 0,
        "precipProbability": 0,
        "temperature": 12.01,
        "apparentTemperature": 12.01,
        "dewPoint": 9.8,
        "humidity": 0.86,
        "pressure": 1013.84,
        "windSpeed": 3.14,
        "windGust": 7.3,
        "windBearing": 312,
        "cloudCover": 0.18,
        "uvIndex": 0,
        "visibility": 16.09,
        "ozone": 298.66
      },
      {
        "time": 1531731600,
        "summary": "Clear",
        "icon": "clear-night",
        "precipIntensity": 0,
        "precipProbability": 0,
        "temperature": 11.79,
        "apparentTemperature": 11.79,
        "dewPoint": 9.89,
        "humidity": 0.88,
        "pressure": 1014.02,
        "windSpeed": 3.23,
        "windGust": 7.4,
        "windBearing": 274,
        "cloudCover": 0.12,
        "uvIndex": 0,
        "visibility": 16.09,
        "ozone": 296.91
      },
      {
        "time": 1531735200,
        "summary": "Partly Cloudy",
        "icon": "partly-cloudy-night",
        "precipIntensity": 0.0051,
        "precipProbability": 0.07,
        "precipType": "rain",
        "temperature": 11.52,
        "apparentTemperature": 11.52,
        "dewPoint": 9.89,
        "humidity": 0.9,
        "pressure": 1014.09,
        "windSpeed": 3.36,
        "windGust": 7.72,
        "windBearing": 280,
        "cloudCover": 0.29,
        "uvIndex": 0,
        "visibility": 16.09,
        "ozone": 297.25
      },
      {
        "time": 1531738800,
        "summary": "Partly Cloudy",
        "icon": "partly-cloudy-night",
        "precipIntensity": 0.0127,
        "precipProbability": 0.09,
        "precipType": "rain",
        "temperature": 11.32,
        "apparentTemperature": 11.32,
        "dewPoint": 9.83,
        "humidity": 0.91,
        "pressure": 1014.07,
        "windSpeed": 3.26,
        "windGust": 8.15,
        "windBearing": 258,
        "cloudCover": 0.26,
        "uvIndex": 0,
        "visibility": 16.09,
        "ozone": 298.83
      },
      {
        "time": 1531742400,
        "summary": "Partly Cloudy",
        "icon": "partly-cloudy-night",
        "precipIntensity": 0.0203,
        "precipProbability": 0.14,
        "precipType": "rain",
        "temperature": 11.23,
        "apparentTemperature": 11.23,
        "dewPoint": 9.74,
        "humidity": 0.91,
        "pressure": 1014.13,
        "windSpeed": 3.3,
        "windGust": 8.38,
        "windBearing": 269,
        "cloudCover": 0.31,
        "uvIndex": 0,
        "visibility": 16.09,
        "ozone": 300.82
      },
      {
        "time": 1531746000,
        "summary": "Partly Cloudy",
        "icon": "partly-cloudy-night",
        "precipIntensity": 0.0127,
        "precipProbability": 0.11,
        "precipType": "rain",
        "temperature": 11.24,
        "apparentTemperature": 11.24,
        "dewPoint": 9.59,
        "humidity": 0.9,
        "pressure": 1013.54,
        "windSpeed": 3.27,
        "windGust": 8.24,
        "windBearing": 290,
        "cloudCover": 0.28,
        "uvIndex": 0,
        "visibility": 16.09,
        "ozone": 303.27
      },
      {
        "time": 1531749600,
        "summary": "Clear",
        "icon": "clear-night",
        "precipIntensity": 0.0254,
        "precipProbability": 0.14,
        "precipType": "rain",
        "temperature": 11.32,
        "apparentTemperature": 11.32,
        "dewPoint": 9.42,
        "humidity": 0.88,
        "pressure": 1014.09,
        "windSpeed": 3.18,
        "windGust": 7.91,
        "windBearing": 245,
        "cloudCover": 0.24,
        "uvIndex": 0,
        "visibility": 16.09,
        "ozone": 306.02
      },
      {
        "time": 1531753200,
        "summary": "Clear",
        "icon": "clear-night",
        "precipIntensity": 0.0102,
        "precipProbability": 0.08,
        "precipType": "rain",
        "temperature": 11.21,
        "apparentTemperature": 11.21,
        "dewPoint": 9.25,
        "humidity": 0.88,
        "pressure": 1013.9,
        "windSpeed": 3.03,
        "windGust": 7.63,
        "windBearing": 266,
        "cloudCover": 0.18,
        "uvIndex": 0,
        "visibility": 16.09,
        "ozone": 308.33
      },
      {
        "time": 1531756800,
        "summary": "Clear",
        "icon": "clear-night",
        "precipIntensity": 0,
        "precipProbability": 0,
        "temperature": 10.88,
        "apparentTemperature": 10.88,
        "dewPoint": 9.08,
        "humidity": 0.89,
        "pressure": 1013.69,
        "windSpeed": 3.46,
        "windGust": 7.55,
        "windBearing": 266,
        "cloudCover": 0.08,
        "uvIndex": 0,
        "visibility": 16.09,
        "ozone": 309.55
      },
      {
        "time": 1531760400,
        "summary": "Clear",
        "icon": "clear-night",
        "precipIntensity": 0,
        "precipProbability": 0,
        "temperature": 10.54,
        "apparentTemperature": 10.54,
        "dewPoint": 8.93,
        "humidity": 0.9,
        "pressure": 1013.72,
        "windSpeed": 3.58,
        "windGust": 7.51,
        "windBearing": 262,
        "cloudCover": 0.22,
        "uvIndex": 0,
        "visibility": 16.09,
        "ozone": 310.28
      },
      {
        "time": 1531764000,
        "summary": "Partly Cloudy",
        "icon": "partly-cloudy-night",
        "precipIntensity": 0,
        "precipProbability": 0,
        "temperature": 10.41,
        "apparentTemperature": 10.41,
        "dewPoint": 8.88,
        "humidity": 0.9,
        "pressure": 1013.96,
        "windSpeed": 3.24,
        "windGust": 7.43,
        "windBearing": 259,
        "cloudCover": 0.26,
        "uvIndex": 0,
        "visibility": 16.09,
        "ozone": 311.15
      }
    ]
  },
  "daily": {
    "summary": "Rain today and next Sunday, with high temperatures falling to 14°C on Tuesday.",
    "icon": "rain",
    "data": [
      {
        "time": 1531569600,
        "summary": "Rain until evening and breezy in the morning.",
        "icon": "rain",
        "sunriseTime": 1531596733,
        "sunsetTime": 1531632226,
        "moonPhase": 0.07,
        "precipIntensity": 1.9456,
        "precipIntensityMax": 5.1105,
        "precipIntensityMaxTime": 1531594800,
        "precipProbability": 0.99,
        "precipType": "rain",
        "temperatureHigh": 15.22,
        "temperatureHighTime": 1531620000,
        "temperatureLow": 10.72,
        "temperatureLowTime": 1531677600,
        "apparentTemperatureHigh": 15.22,
        "apparentTemperatureHighTime": 1531620000,
        "apparentTemperatureLow": 10.72,
        "apparentTemperatureLowTime": 1531677600,
        "dewPoint": 12.83,
        "humidity": 0.94,
        "pressure": 1011.5,
        "windSpeed": 4.52,
        "windGust": 17.77,
        "windGustTime": 1531580400,
        "windBearing": 50,
        "cloudCover": 0.75,
        "uvIndex": 1,
        "uvIndexTime": 1531605600,
        "visibility": 12.76,
        "ozone": 298.88,
        "temperatureMin": 12.31,
        "temperatureMinTime": 1531652400,
        "temperatureMax": 15.22,
        "temperatureMaxTime": 1531620000,
        "apparentTemperatureMin": 12.31,
        "apparentTemperatureMinTime": 1531652400,
        "apparentTemperatureMax": 15.22,
        "apparentTemperatureMaxTime": 1531620000
      },
      {
        "time": 1531656000,
        "summary": "Partly cloudy in the morning.",
        "icon": "partly-cloudy-night",
        "sunriseTime": 1531683105,
        "sunsetTime": 1531718666,
        "moonPhase": 0.11,
        "precipIntensity": 0.0559,
        "precipIntensityMax": 0.2235,
        "precipIntensityMaxTime": 1531699200,
        "precipProbability": 0.55,
        "precipType": "rain",
        "temperatureHigh": 14.18,
        "temperatureHighTime": 1531706400,
        "temperatureLow": 10.41,
        "temperatureLowTime": 1531764000,
        "apparentTemperatureHigh": 14.18,
        "apparentTemperatureHighTime": 1531706400,
        "apparentTemperatureLow": 10.41,
        "apparentTemperatureLowTime": 1531764000,
        "dewPoint": 10.39,
        "humidity": 0.89,
        "pressure": 1012.69,
        "windSpeed": 3.3,
        "windGust": 8.15,
        "windGustTime": 1531738800,
        "windBearing": 292,
        "cloudCover": 0.22,
        "uvIndex": 1,
        "uvIndexTime": 1531692000,
        "visibility": 16.09,
        "ozone": 300.4,
        "temperatureMin": 10.72,
        "temperatureMinTime": 1531677600,
        "temperatureMax": 14.18,
        "temperatureMaxTime": 1531706400,
        "apparentTemperatureMin": 10.72,
        "apparentTemperatureMinTime": 1531677600,
        "apparentTemperatureMax": 14.18,
        "apparentTemperatureMaxTime": 1531706400
      },
      {
        "time": 1531742400,
        "summary": "Mostly cloudy throughout the day.",
        "icon": "partly-cloudy-day",
        "sunriseTime": 1531769475,
        "sunsetTime": 1531805107,
        "moonPhase": 0.15,
        "precipIntensity": 0.0483,
        "precipIntensityMax": 0.2235,
        "precipIntensityMaxTime": 1531789200,
        "precipProbability": 0.52,
        "precipType": "rain",
        "temperatureHigh": 13.81,
        "temperatureHighTime": 1531792800,
        "temperatureLow": 9.26,
        "temperatureLowTime": 1531854000,
        "apparentTemperatureHigh": 13.81,
        "apparentTemperatureHighTime": 1531792800,
        "apparentTemperatureLow": 8.29,
        "apparentTemperatureLowTime": 1531854000,
        "dewPoint": 9.52,
        "humidity": 0.86,
        "pressure": 1014.42,
        "windSpeed": 3.46,
        "windGust": 8.38,
        "windGustTime": 1531742400,
        "windBearing": 263,
        "cloudCover": 0.46,
        "uvIndex": 2,
        "uvIndexTime": 1531785600,
        "visibility": 16.09,
        "ozone": 322.4,
        "temperatureMin": 10.41,
        "temperatureMinTime": 1531764000,
        "temperatureMax": 13.81,
        "temperatureMaxTime": 1531792800,
        "apparentTemperatureMin": 10.41,
        "apparentTemperatureMinTime": 1531764000,
        "apparentTemperatureMax": 13.81,
        "apparentTemperatureMaxTime": 1531792800
      },
      {
        "time": 1531828800,
        "summary": "Mostly cloudy in the morning.",
        "icon": "partly-cloudy-night",
        "sunriseTime": 1531855844,
        "sunsetTime": 1531891548,
        "moonPhase": 0.18,
        "precipIntensity": 0.0813,
        "precipIntensityMax": 0.1854,
        "precipIntensityMaxTime": 1531872000,
        "precipProbability": 0.41,
        "precipType": "rain",
        "temperatureHigh": 13.84,
        "temperatureHighTime": 1531875600,
        "temperatureLow": 9.01,
        "temperatureLowTime": 1531933200,
        "apparentTemperatureHigh": 13.84,
        "apparentTemperatureHighTime": 1531875600,
        "apparentTemperatureLow": 7.93,
        "apparentTemperatureLowTime": 1531933200,
        "dewPoint": 9.68,
        "humidity": 0.9,
        "pressure": 1016.15,
        "windSpeed": 1.79,
        "windGust": 5.09,
        "windGustTime": 1531836000,
        "windBearing": 309,
        "cloudCover": 0.29,
        "uvIndex": 2,
        "uvIndexTime": 1531872000,
        "visibility": 16.09,
        "ozone": 327.39,
        "temperatureMin": 9.26,
        "temperatureMinTime": 1531854000,
        "temperatureMax": 13.84,
        "temperatureMaxTime": 1531875600,
        "apparentTemperatureMin": 8.29,
        "apparentTemperatureMinTime": 1531854000,
        "apparentTemperatureMax": 13.84,
        "apparentTemperatureMaxTime": 1531875600
      },
      {
        "time": 1531915200,
        "summary": "Partly cloudy starting in the afternoon, continuing until evening.",
        "icon": "partly-cloudy-day",
        "sunriseTime": 1531942211,
        "sunsetTime": 1531977991,
        "moonPhase": 0.22,
        "precipIntensity": 0.0889,
        "precipIntensityMax": 0.5512,
        "precipIntensityMaxTime": 1531969200,
        "precipProbability": 0.61,
        "precipType": "rain",
        "temperatureHigh": 14.22,
        "temperatureHighTime": 1531962000,
        "temperatureLow": 10.11,
        "temperatureLowTime": 1532019600,
        "apparentTemperatureHigh": 14.22,
        "apparentTemperatureHighTime": 1531962000,
        "apparentTemperatureLow": 10.11,
        "apparentTemperatureLowTime": 1532019600,
        "dewPoint": 9.93,
        "humidity": 0.9,
        "pressure": 1018.68,
        "windSpeed": 3.13,
        "windGust": 9.58,
        "windGustTime": 1531998000,
        "windBearing": 270,
        "cloudCover": 0.14,
        "uvIndex": 2,
        "uvIndexTime": 1531958400,
        "visibility": 16.09,
        "ozone": 335.74,
        "temperatureMin": 9.01,
        "temperatureMinTime": 1531933200,
        "temperatureMax": 14.22,
        "temperatureMaxTime": 1531962000,
        "apparentTemperatureMin": 7.93,
        "apparentTemperatureMinTime": 1531933200,
        "apparentTemperatureMax": 14.22,
        "apparentTemperatureMaxTime": 1531962000
      },
      {
        "time": 1532001600,
        "summary": "Partly cloudy throughout the day.",
        "icon": "partly-cloudy-day",
        "sunriseTime": 1532028577,
        "sunsetTime": 1532064434,
        "moonPhase": 0.25,
        "precipIntensity": 0.0381,
        "precipIntensityMax": 0.0889,
        "precipIntensityMaxTime": 1532023200,
        "precipProbability": 0.52,
        "precipType": "rain",
        "temperatureHigh": 13.94,
        "temperatureHighTime": 1532052000,
        "temperatureLow": 9.07,
        "temperatureLowTime": 1532106000,
        "apparentTemperatureHigh": 13.94,
        "apparentTemperatureHighTime": 1532052000,
        "apparentTemperatureLow": 7.58,
        "apparentTemperatureLowTime": 1532106000,
        "dewPoint": 8.24,
        "humidity": 0.81,
        "pressure": 1024.58,
        "windSpeed": 3.26,
        "windGust": 9.69,
        "windGustTime": 1532005200,
        "windBearing": 236,
        "cloudCover": 0.47,
        "uvIndex": 1,
        "uvIndexTime": 1532037600,
        "visibility": 16.09,
        "ozone": 305.56,
        "temperatureMin": 9.22,
        "temperatureMinTime": 1532084400,
        "temperatureMax": 13.94,
        "temperatureMaxTime": 1532052000,
        "apparentTemperatureMin": 9.22,
        "apparentTemperatureMinTime": 1532084400,
        "apparentTemperatureMax": 13.94,
        "apparentTemperatureMaxTime": 1532052000
      },
      {
        "time": 1532088000,
        "summary": "Mostly cloudy until afternoon.",
        "icon": "partly-cloudy-day",
        "sunriseTime": 1532114940,
        "sunsetTime": 1532150877,
        "moonPhase": 0.29,
        "precipIntensity": 0.0127,
        "precipIntensityMax": 0.0965,
        "precipIntensityMaxTime": 1532152800,
        "precipProbability": 0.29,
        "precipType": "rain",
        "temperatureHigh": 14.62,
        "temperatureHighTime": 1532138400,
        "temperatureLow": 11.59,
        "temperatureLowTime": 1532196000,
        "apparentTemperatureHigh": 14.62,
        "apparentTemperatureHighTime": 1532138400,
        "apparentTemperatureLow": 11.59,
        "apparentTemperatureLowTime": 1532196000,
        "dewPoint": 8.94,
        "humidity": 0.83,
        "pressure": 1025.17,
        "windSpeed": 3.64,
        "windGust": 10.46,
        "windGustTime": 1532170800,
        "windBearing": 342,
        "cloudCover": 0.53,
        "uvIndex": 1,
        "uvIndexTime": 1532124000,
        "visibility": 16.09,
        "ozone": 307.6,
        "temperatureMin": 9.07,
        "temperatureMinTime": 1532106000,
        "temperatureMax": 14.62,
        "temperatureMaxTime": 1532138400,
        "apparentTemperatureMin": 7.58,
        "apparentTemperatureMinTime": 1532106000,
        "apparentTemperatureMax": 14.62,
        "apparentTemperatureMaxTime": 1532138400
      },
      {
        "time": 1532174400,
        "summary": "Rain starting in the evening.",
        "icon": "rain",
        "sunriseTime": 1532201303,
        "sunsetTime": 1532237321,
        "moonPhase": 0.32,
        "precipIntensity": 0.475,
        "precipIntensityMax": 1.5011,
        "precipIntensityMaxTime": 1532242800,
        "precipProbability": 0.71,
        "precipType": "rain",
        "temperatureHigh": 14.49,
        "temperatureHighTime": 1532224800,
        "temperatureLow": 10.23,
        "temperatureLowTime": 1532282400,
        "apparentTemperatureHigh": 14.49,
        "apparentTemperatureHighTime": 1532224800,
        "apparentTemperatureLow": 10.23,
        "apparentTemperatureLowTime": 1532282400,
        "dewPoint": 10.23,
        "humidity": 0.83,
        "pressure": 1021.39,
        "windSpeed": 3.09,
        "windGust": 10.48,
        "windGustTime": 1532174400,
        "windBearing": 71,
        "cloudCover": 0.86,
        "uvIndex": 1,
        "uvIndexTime": 1532210400,
        "visibility": 16.09,
        "ozone": 336.62,
        "temperatureMin": 11.59,
        "temperatureMinTime": 1532196000,
        "temperatureMax": 14.49,
        "temperatureMaxTime": 1532224800,
        "apparentTemperatureMin": 11.59,
        "apparentTemperatureMinTime": 1532196000,
        "apparentTemperatureMax": 14.49,
        "apparentTemperatureMaxTime": 1532224800
      }
    ]
  },
  "offset": 12
}
