{
  "latitude": -36.8484597,
  "longitude": 174.7633315,
  "timezone": "Pacific/Auckland",
  "currently": {
    "time": 1531594358,
    "summary": "Rain and Breezy",
    "icon": "rain",
    "precipIntensity": 0.1994,
    "precipProbability": 0.78,
    "precipType": "rain",
    "temperature": 56.45,
    "apparentTemperature": 56.45,
    "dewPoint": 55.71,
    "humidity": 0.97,
    "pressure": 1012.14,
    "windSpeed": 22.19,
    "windGust": 37.12,
    "windBearing": 70,
    "cloudCover": 0.86,
    "uvIndex": 0,
    "visibility": 4.03,
    "ozone": 303.16
  },
  "hourly": {
    "summary": "Rain until this evening and breezy later this morning.",
    "icon": "rain",
    "data": [
      {
        "time": 1531591200,
        "summary": "Rain and Breezy",
        "icon": "rain",
        "precipIntensity": 0.187,
        "precipProbability": 0.8,
        "precipType": "rain",
        "temperature": 56.22,
        "apparentTemperature": 56.22,
        "dewPoint": 55.54,
        "humidity": 0.98,
        "pressure": 1012.17,
        "windSpeed": 22.04,
        "windGust": 38.06,
        "windBearing": 69,
        "cloudCover": 0.83,
        "uvIndex": 0,
        "visibility": 4.56,
        "ozone": 304.32
      },
      {
        "time": 1531594800,
        "summary": "Rain and Breezy",
        "icon": "rain",
        "precipIntensity": 0.2012,
        "precipProbability": 0.78,
        "precipType": "rain",
        "temperature": 56.48,
        "apparentTemperature": 56.48,
        "dewPoint": 55.73,
        "humidity": 0.97,
        "pressure": 1012.13,
        "windSpeed": 22.21,
        "windGust": 36.99,
        "windBearing": 70,
        "cloudCover": 0.86,
        "uvIndex": 0,
        "visibility": 3.96,
        "ozone": 303
      },
      {
        "time": 1531598400,
        "summary": "Rain and Breezy",
        "icon": "rain",
        "precipIntensity": 0.1679,
        "precipProbability": 0.68,
        "precipType": "rain",
        "temperature": 56.79,
        "apparentTemperature": 56.79,
        "dewPoint": 55.97,
        "humidity": 0.97,
        "pressure": 1012.07,
        "windSpeed": 22.68,
        "windGust": 35.51,
        "windBearing": 71,
        "cloudCover": 0.92,
        "uvIndex": 0,
        "visibility": 3.2,
        "ozone": 302.01
      },
      {
        "time": 1531602000,
        "summary": "Rain and Breezy",
        "icon": "rain",
        "precipIntensity": 0.1565,
        "precipProbability": 0.69,
        "precipType": "rain",
        "temperature": 56.81,
        "apparentTemperature": 56.81,
        "dewPoint": 56.28,
        "humidity": 0.98,
        "pressure": 1012.2,
        "windSpeed": 21.16,
        "windGust": 32.79,
        "windBearing": 65,
        "cloudCover": 0.97,
        "uvIndex": 0,
        "visibility": 2.48,
        "ozone": 301.12
      },
      {
        "time": 1531605600,
        "summary": "Rain",
        "icon": "rain",
        "precipIntensity": 0.1275,
        "precipProbability": 0.69,
        "precipType": "rain",
        "temperature": 57,
        "apparentTemperature": 57.03,
        "dewPoint": 56.63,
        "humidity": 0.99,
        "pressure": 1012.06,
        "windSpeed": 19.08,
        "windGust": 27.67,
        "windBearing": 57,
        "cloudCover": 1,
        "uvIndex": 1,
        "visibility": 1.7,
        "ozone": 300.19
      },
      {
        "time": 1531609200,
        "summary": "Rain",
        "icon": "rain",
        "precipIntensity": 0.0861,
        "precipProbability": 0.66,
        "precipType": "rain",
        "temperature": 57.45,
        "apparentTemperature": 57.49,
        "dewPoint": 56.87,
        "humidity": 0.98,
        "pressure": 1011.67,
        "windSpeed": 16.88,
        "windGust": 21.32,
        "windBearing": 52,
        "cloudCover": 1,
        "uvIndex": 1,
        "visibility": 1.27,
        "ozone": 299.23
      },
      {
        "time": 1531612800,
        "summary": "Rain",
        "icon": "rain",
        "precipIntensity": 0.0766,
        "precipProbability": 0.6,
        "precipType": "rain",
        "temperature": 58.07,
        "apparentTemperature": 58.07,
        "dewPoint": 56.83,
        "humidity": 0.96,
        "pressure": 1010.64,
        "windSpeed": 13.25,
        "windGust": 16.21,
        "windBearing": 48,
        "cloudCover": 1,
        "uvIndex": 1,
        "visibility": 2.15,
        "ozone": 297.7
      },
      {
        "time": 1531616400,
        "summary": "Rain",
        "icon": "rain",
        "precipIntensity": 0.0649,
        "precipProbability": 0.6,
        "precipType": "rain",
        "temperature": 58.92,
        "apparentTemperature": 58.92,
        "dewPoint": 56.35,
        "humidity": 0.91,
        "pressure": 1010.06,
        "windSpeed": 10.93,
        "windGust": 13.51,
        "windBearing": 26,
        "cloudCover": 1,
        "uvIndex": 1,
        "visibility": 5.68,
        "ozone": 294.9
      },
      {
        "time": 1531620000,
        "summary": "Rain",
        "icon": "rain",
        "precipIntensity": 0.065,
        "precipProbability": 0.64,
        "precipType": "rain",
        "temperature": 59.39,
        "apparentTemperature": 59.39,
        "dewPoint": 55.67,
        "humidity": 0.87,
        "pressure": 1009.7,
        "windSpeed": 8.16,
        "windGust": 12.09,
        "windBearing": 2,
        "cloudCover": 1,
        "uvIndex": 1,
        "visibility": 10,
        "ozone": 291.54
      },
      {
        "time": 1531623600,
        "summary": "Rain",
        "icon": "rain",
        "precipIntensity": 0.0863,
        "precipProbability": 0.67,
        "precipType": "rain",
        "temperature": 59.01,
        "apparentTemperature": 59.01,
        "dewPoint": 55.01,
        "humidity": 0.87,
        "pressure": 1009.47,
        "windSpeed": 4.89,
        "windGust": 11.05,
        "windBearing": 312,
        "cloudCover": 0.85,
        "uvIndex": 1,
        "visibility": 10,
        "ozone": 289.01
      },
      {
        "time": 1531627200,
        "summary": "Rain",
        "icon": "rain",
        "precipIntensity": 0.0937,
        "precipProbability": 0.6,
        "precipType": "rain",
        "temperature": 58.04,
        "apparentTemperature": 58.04,
        "dewPoint": 54.4,
        "humidity": 0.88,
        "pressure": 1009.45,
        "windSpeed": 6.92,
        "windGust": 10.34,
        "windBearing": 299,
        "cloudCover": 0.73,
        "uvIndex": 0,
        "visibility": 10,
        "ozone": 287.93
      },
      {
        "time": 1531630800,
        "summary": "Rain",
        "icon": "rain",
        "precipIntensity": 0.0818,
        "precipProbability": 0.53,
        "precipType": "rain",
        "temperature": 56.7,
        "apparentTemperature": 56.7,
        "dewPoint": 53.82,
        "humidity": 0.9,
        "pressure": 1009.56,
        "windSpeed": 6.45,
        "windGust": 10.01,
        "windBearing": 255,
        "cloudCover": 0.73,
        "uvIndex": 0,
        "visibility": 10,
        "ozone": 287.82
      },
      {
        "time": 1531634400,
        "summary": "Rain",
        "icon": "rain",
        "precipIntensity": 0.067,
        "precipProbability": 0.41,
        "precipType": "rain",
        "temperature": 55.9,
        "apparentTemperature": 55.9,
        "dewPoint": 53.41,
        "humidity": 0.91,
        "pressure": 1009.84,
        "windSpeed": 6.88,
        "windGust": 9.81,
        "windBearing": 277,
        "cloudCover": 0.41,
        "uvIndex": 0,
        "visibility": 10,
        "ozone": 287.93
      },
      {
        "time": 1531638000,
        "summary": "Light Rain",
        "icon": "rain",
        "precipIntensity": 0.0388,
        "precipProbability": 0.42,
        "precipType": "rain",
        "temperature": 55.39,
        "apparentTemperature": 55.39,
        "dewPoint": 53.22,
        "humidity": 0.92,
        "pressure": 1010.05,
        "windSpeed": 6.36,
        "windGust": 8.98,
        "windBearing": 271,
        "cloudCover": 0.23,
        "uvIndex": 0,
        "visibility": 10,
        "ozone": 288.27
      },
      {
        "time": 1531641600,
        "summary": "Clear",
        "icon": "clear-night",
        "precipIntensity": 0.0134,
        "precipProbability": 0.32,
        "precipType": "rain",
        "temperature": 55.16,
        "apparentTemperature": 55.16,
        "dewPoint": 53.16,
        "humidity": 0.93,
        "pressure": 1010.41,
        "windSpeed": 6.76,
        "windGust": 8.03,
        "windBearing": 322,
        "cloudCover": 0.14,
        "uvIndex": 0,
        "visibility": 10,
        "ozone": 288.79
      },
      {
        "time": 1531645200,
        "summary": "Clear",
        "icon": "clear-night",
        "precipIntensity": 0.0037,
        "precipProbability": 0.12,
        "precipType": "rain",
        "temperature": 54.71,
        "apparentTemperature": 54.71,
        "dewPoint": 53.13,
        "humidity": 0.94,
        "pressure": 1010.69,
        "windSpeed": 6.62,
        "windGust": 7.55,
        "windBearing": 304,
        "cloudCover": 0.23,
        "uvIndex": 0,
        "visibility": 10,
        "ozone": 289.17
      },
      {
        "time": 1531648800,
        "summary": "Partly Cloudy",
        "icon": "partly-cloudy-night",
        "precipIntensity": 0.0009,
        "precipProbability": 0.08,
        "precipType": "rain",
        "temperature": 54.28,
        "apparentTemperature": 54.28,
        "dewPoint": 53.16,
        "humidity": 0.96,
        "pressure": 1010.86,
        "windSpeed": 5.84,
        "windGust": 7.95,
        "windBearing": 296,
        "cloudCover": 0.39,
        "uvIndex": 0,
        "visibility": 10,
        "ozone": 289.22
      },
      {
        "time": 1531652400,
        "summary": "Partly Cloudy",
        "icon": "partly-cloudy-night",
        "precipIntensity": 0,
        "precipProbability": 0,
        "temperature": 54.15,
        "apparentTemperature": 54.15,
        "dewPoint": 53.26,
        "humidity": 0.97,
        "pressure": 1011.09,
        "windSpeed": 7.56,
        "windGust": 8.53,
        "windBearing": 333,
        "cloudCover": 0.47,
        "uvIndex": 0,
        "visibility": 10,
        "ozone": 289.12
      },
      {
        "time": 1531656000,
        "summary": "Partly Cloudy",
        "icon": "partly-cloudy-night",
        "precipIntensity": 0.0003,
        "precipProbability": 0.1,
        "precipType": "rain",
        "temperature": 54.08,
        "apparentTemperature": 54.08,
        "dewPoint": 53.26,
        "humidity": 0.97,
        "pressure": 1011.34,
        "windSpeed": 7.62,
        "windGust": 9.77,
        "windBearing": 316,
        "cloudCover": 0.37,
        "uvIndex": 0,
        "visibility": 10,
        "ozone": 288.87
      },
      {
        "time": 1531659600,
        "summary": "Partly Cloudy",
        "icon": "partly-cloudy-night",
        "precipIntensity": 0.0006,
        "precipProbability": 0.16,
        "precipType": "rain",
        "temperature": 53.88,
        "apparentTemperature": 53.88,
        "dewPoint": 53.12,
        "humidity": 0.97,
        "pressure": 1011.6,
        "windSpeed": 7.64,
        "windGust": 10.37,
        "windBearing": 311,
        "cloudCover": 0.3,
        "uvIndex": 0,
        "visibility": 10,
        "ozone": 288.2
      },
      {
        "time": 1531663200,
        "summary": "Partly Cloudy",
        "icon": "partly-cloudy-night",
        "precipIntensity": 0.003,
        "precipProbability": 0.22,
        "precipType": "rain",
        "temperature": 53.72,
        "apparentTemperature": 53.72,
        "dewPoint": 52.9,
        "humidity": 0.97,
        "pressure": 1011.78,
        "windSpeed": 7.24,
        "windGust": 10.82,
        "windBearing": 312,
        "cloudCover": 0.28,
        "uvIndex": 0,
        "visibility": 9.04,
        "ozone": 287.33
      },
      {
        "time": 1531666800,
        "summary": "Partly Cloudy",
        "icon": "partly-cloudy-night",
        "precipIntensity": 0.0057,
        "precipProbability": 0.21,
        "precipType": "rain",
        "temperature": 53.21,
        "apparentTemperature": 53.21,
        "dewPoint": 52.57,
        "humidity": 0.98,
        "pressure": 1011.75,
        "windSpeed": 7.27,
        "windGust": 11.46,
        "windBearing": 314,
        "cloudCover": 0.29,
        "uvIndex": 0,
        "visibility": 7.15,
        "ozone": 287.39
      },
      {
        "time": 1531670400,
        "summary": "Partly Cloudy",
        "icon": "partly-cloudy-night",
        "precipIntensity": 0.0048,
        "precipProbability": 0.26,
        "precipType": "rain",
        "temperature": 52.2,
        "apparentTemperature": 52.2,
        "dewPoint": 52.07,
        "humidity": 1,
        "pressure": 1011.73,
        "windSpeed": 7.22,
        "windGust": 12.63,
        "windBearing": 317,
        "cloudCover": 0.25,
        "uvIndex": 0,
        "visibility": 7.35,
        "ozone": 288.88
      },
      {
        "time": 1531674000,
        "summary": "Partly Cloudy",
        "icon": "partly-cloudy-night",
        "precipIntensity": 0.0032,
        "precipProbability": 0.3,
        "precipType": "rain",
        "temperature": 51.4,
        "apparentTemperature": 51.4,
        "dewPoint": 51.4,
        "humidity": 1,
        "pressure": 1011.69,
        "windSpeed": 7.08,
        "windGust": 14.01,
        "windBearing": 319,
        "cloudCover": 0.26,
        "uvIndex": 0,
        "visibility": 8.64,
        "ozone": 291.31
      },
      {
        "time": 1531677600,
        "summary": "Partly Cloudy",
        "icon": "partly-cloudy-night",
        "precipIntensity": 0.0025,
        "precipProbability": 0.25,
        "precipType": "rain",
        "temperature": 51.3,
        "apparentTemperature": 51.3,
        "dewPoint": 51.02,
        "humidity": 0.99,
        "pressure": 1011.92,
        "windSpeed": 7.13,
        "windGust": 14.95,
        "windBearing": 321,
        "cloudCover": 0.3,
        "uvIndex": 0,
        "visibility": 9.87,
        "ozone": 294.33
      },
      {
        "time": 1531681200,
        "summary": "Partly Cloudy",
        "icon": "partly-cloudy-night",
        "precipIntensity": 0.0014,
        "precipProbability": 0.21,
        "precipType": "rain",
        "temperature": 51.82,
        "apparentTemperature": 51.82,
        "dewPoint": 50.86,
        "humidity": 0.97,
        "pressure": 1012.28,
        "windSpeed": 7.32,
        "windGust": 15.13,
        "windBearing": 321,
        "cloudCover": 0.3,
        "uvIndex": 0,
        "visibility": 10,
        "ozone": 298.48
      },
      {
        "time": 1531684800,
        "summary": "Partly Cloudy",
        "icon": "partly-cloudy-day",
        "precipIntensity": 0.001,
        "precipProbability": 0.16,
        "precipType": "rain",
        "temperature": 52.5,
        "apparentTemperature": 52.5,
        "dewPoint": 50.83,
        "humidity": 0.94,
        "pressure": 1012.75,
        "windSpeed": 8.24,
        "windGust": 14.94,
        "windBearing": 317,
        "cloudCover": 0.32,
        "uvIndex": 0,
        "visibility": 10,
        "ozone": 303.27
      },
      {
        "time": 1531688400,
        "summary": "Partly Cloudy",
        "icon": "partly-cloudy-day",
        "precipIntensity": 0.0016,
        "precipProbability": 0.16,
        "precipType": "rain",
        "temperature": 53.15,
        "apparentTemperature": 53.15,
        "dewPoint": 50.77,
        "humidity": 0.92,
        "pressure": 1013.07,
        "windSpeed": 8.95,
        "windGust": 14.79,
        "windBearing": 313,
        "cloudCover": 0.33,
        "uvIndex": 0,
        "visibility": 10,
        "ozone": 307
      },
      {
        "time": 1531692000,
        "summary": "Partly Cloudy",
        "icon": "partly-cloudy-day",
        "precipIntensity": 0.0029,
        "precipProbability": 0.21,
        "precipType": "rain",
        "temperature": 53.81,
        "apparentTemperature": 53.81,
        "dewPoint": 50.51,
        "humidity": 0.89,
        "pressure": 1013.37,
        "windSpeed": 10.21,
        "windGust": 14.77,
        "windBearing": 295,
        "cloudCover": 0.28,
        "uvIndex": 1,
        "visibility": 10,
        "ozone": 308.62
      },
      {
        "time": 1531695600,
        "summary": "Clear",
        "icon": "clear-day",
        "precipIntensity": 0.0058,
        "precipProbability": 0.26,
        "precipType": "rain",
        "temperature": 54.69,
        "apparentTemperature": 54.69,
        "dewPoint": 50.21,
        "humidity": 0.85,
        "pressure": 1013.45,
        "windSpeed": 10.78,
        "windGust": 14.81,
        "windBearing": 286,
        "cloudCover": 0.13,
        "uvIndex": 1,
        "visibility": 10,
        "ozone": 309.22
      },
      {
        "time": 1531699200,
        "summary": "Clear",
        "icon": "clear-day",
        "precipIntensity": 0.0088,
        "precipProbability": 0.3,
        "precipType": "rain",
        "temperature": 55.86,
        "apparentTemperature": 55.86,
        "dewPoint": 50.03,
        "humidity": 0.81,
        "pressure": 1013.19,
        "windSpeed": 11.18,
        "windGust": 14.98,
        "windBearing": 289,
        "cloudCover": 0.23,
        "uvIndex": 1,
        "visibility": 10,
        "ozone": 309.67
      },
      {
        "time": 1531702800,
        "summary": "Clear",
        "icon": "clear-day",
        "precipIntensity": 0.0052,
        "precipProbability": 0.25,
        "precipType": "rain",
        "temperature": 56.93,
        "apparentTemperature": 56.93,
        "dewPoint": 50.01,
        "humidity": 0.78,
        "pressure": 1012.61,
        "windSpeed": 11.86,
        "windGust": 15.38,
        "windBearing": 345,
        "cloudCover": 0.22,
        "uvIndex": 1,
        "visibility": 10,
        "ozone": 310.42
      },
      {
        "time": 1531706400,
        "summary": "Clear",
        "icon": "clear-day",
        "precipIntensity": 0.0019,
        "precipProbability": 0.17,
        "precipType": "rain",
        "temperature": 57.52,
        "apparentTemperature": 57.52,
        "dewPoint": 50.11,
        "humidity": 0.76,
        "pressure": 1012.21,
        "windSpeed": 12.05,
        "windGust": 15.88,
        "windBearing": 209,
        "cloudCover": 0.1,
        "uvIndex": 1,
        "visibility": 10,
        "ozone": 311.13
      },
      {
        "time": 1531710000,
        "summary": "Clear",
        "icon": "clear-day",
        "precipIntensity": 0.0009,
        "precipProbability": 0.13,
        "precipType": "rain",
        "temperature": 57.44,
        "apparentTemperature": 57.44,
        "dewPoint": 50.09,
        "humidity": 0.76,
        "pressure": 1012.05,
        "windSpeed": 12.01,
        "windGust": 16.27,
        "windBearing": 268,
        "cloudCover": 0.22,
        "uvIndex": 1,
        "visibility": 10,
        "ozone": 310.93
      },
      {
        "time": 1531713600,
        "summary": "Clear",
        "icon": "clear-day",
        "precipIntensity": 0.0009,
        "precipProbability": 0.12,
        "precipType": "rain",
        "temperature": 56.57,
        "apparentTemperature": 56.57,
        "dewPoint": 49.87,
        "humidity": 0.78,
        "pressure": 1012.29,
        "windSpeed": 11.22,
        "windGust": 16.41,
        "windBearing": 260,
        "cloudCover": 0.11,
        "uvIndex": 0,
        "visibility": 10,
        "ozone": 309.42
      },
      {
        "time": 1531717200,
        "summary": "Clear",
        "icon": "clear-day",
        "precipIntensity": 0.0009,
        "precipProbability": 0.12,
        "precipType": "rain",
        "temperature": 55.14,
        "apparentTemperature": 55.14,
        "dewPoint": 49.54,
        "humidity": 0.81,
        "pressure": 1012.75,
        "windSpeed": 10.14,
        "windGust": 16.41,
        "windBearing": 277,
        "cloudCover": 0.02,
        "uvIndex": 0,
        "visibility": 10,
        "ozone": 307.1
      },
      {
        "time": 1531720800,
        "summary": "Clear",
        "icon": "clear-night",
        "precipIntensity": 0.0005,
        "precipProbability": 0.1,
        "precipType": "rain",
        "temperature": 54.19,
        "apparentTemperature": 54.19,
        "dewPoint": 49.3,
        "humidity": 0.83,
        "pressure": 1013.2,
        "windSpeed": 8.88,
        "windGust": 16.4,
        "windBearing": 265,
        "cloudCover": 0.07,
        "uvIndex": 0,
        "visibility": 10,
        "ozone": 304.65
      },
      {
        "time": 1531724400,
        "summary": "Clear",
        "icon": "clear-night",
        "precipIntensity": 0.0002,
        "precipProbability": 0.09,
        "precipType": "rain",
        "temperature": 53.83,
        "apparentTemperature": 53.83,
        "dewPoint": 49.4,
        "humidity": 0.85,
        "pressure": 1013.57,
        "windSpeed": 6.26,
        "windGust": 16.38,
        "windBearing": 227,
        "cloudCover": 0.06,
        "uvIndex": 0,
        "visibility": 10,
        "ozone": 301.77
      },
      {
        "time": 1531728000,
        "summary": "Clear",
        "icon": "clear-night",
        "precipIntensity": 0,
        "precipProbability": 0,
        "temperature": 53.61,
        "apparentTemperature": 53.61,
        "dewPoint": 49.64,
        "humidity": 0.86,
        "pressure": 1013.84,
        "windSpeed": 7.02,
        "windGust": 16.34,
        "windBearing": 312,
        "cloudCover": 0.18,
        "uvIndex": 0,
        "visibility": 10,
        "ozone": 298.66
      },
      {
        "time": 1531731600,
        "summary": "Clear",
        "icon": "clear-night",
        "precipIntensity": 0,
        "precipProbability": 0,
        "temperature": 53.22,
        "apparentTemperature": 53.22,
        "dewPoint": 49.8,
        "humidity": 0.88,
        "pressure": 1014.02,
        "windSpeed": 7.22,
        "windGust": 16.55,
        "windBearing": 274,
        "cloudCover": 0.12,
        "uvIndex": 0,
        "visibility": 10,
        "ozone": 296.91
      },
      {
        "time": 1531735200,
        "summary": "Partly Cloudy",
        "icon": "partly-cloudy-night",
        "precipIntensity": 0.0002,
        "precipProbability": 0.07,
        "precipType": "rain",
        "temperature": 52.73,
        "apparentTemperature": 52.73,
        "dewPoint": 49.8,
        "humidity": 0.9,
        "pressure": 1014.09,
        "windSpeed": 7.51,
        "windGust": 17.26,
        "windBearing": 280,
        "cloudCover": 0.29,
        "uvIndex": 0,
        "visibility": 10,
        "ozone": 297.25
      },
      {
        "time": 1531738800,
        "summary": "Partly Cloudy",
        "icon": "partly-cloudy-night",
        "precipIntensity": 0.0005,
        "precipProbability": 0.09,
        "precipType": "rain",
        "temperature": 52.38,
        "apparentTemperature": 52.38,
        "dewPoint": 49.7,
        "humidity": 0.91,
        "pressure": 1014.07,
        "windSpeed": 7.29,
        "windGust": 18.22,
        "windBearing": 258,
        "cloudCover": 0.26,
        "uvIndex": 0,
        "visibility": 10,
        "ozone": 298.83
      },
      {
        "time": 1531742400,
        "summary": "Partly Cloudy",
        "icon": "partly-cloudy-night",
        "precipIntensity": 0.0008,
        "precipProbability": 0.14,
        "precipType": "rain",
        "temperature": 52.22,
        "apparentTemperature": 52.22,
        "dewPoint": 49.54,
        "humidity": 0.91,
        "pressure": 1014.13,
        "windSpeed": 7.39,
        "windGust": 18.74,
        "windBearing": 269,
        "cloudCover": 0.31,
        "uvIndex": 0,
        "visibility": 10,
        "ozone": 300.82
      },
      {
        "time": 1531746000,
        "summary": "Partly Cloudy",
        "icon": "partly-cloudy-night",
        "precipIntensity": 0.0005,
        "precipProbability": 0.11,
        "precipType": "rain",
        "temperature": 52.23,
        "apparentTemperature": 52.23,
        "dewPoint": 49.27,
        "humidity": 0.9,
        "pressure": 1013.54,
        "windSpeed": 7.32,
        "windGust": 18.43,
        "windBearing": 290,
        "cloudCover": 0.28,
        "uvIndex": 0,
        "visibility": 10,
        "ozone": 303.27
      },
      {
        "time": 1531749600,
        "summary": "Clear",
        "icon": "clear-night",
        "precipIntensity": 0.001,
        "precipProbability": 0.14,
        "precipType": "rain",
        "temperature": 52.37,
        "apparentTemperature": 52.37,
        "dewPoint": 48.95,
        "humidity": 0.88,
        "pressure": 1014.09,
        "windSpeed": 7.12,
        "windGust": 17.7,
        "windBearing": 245,
        "cloudCover": 0.24,
        "uvIndex": 0,
        "visibility": 10,
        "ozone": 306.02
      },
      {
        "time": 1531753200,
        "summary": "Clear",
        "icon": "clear-night",
        "precipIntensity": 0.0004,
        "precipProbability": 0.08,
        "precipType": "rain",
        "temperature": 52.18,
        "apparentTemperature": 52.18,
        "dewPoint": 48.65,
        "humidity": 0.88,
        "pressure": 1013.9,
        "windSpeed": 6.77,
        "windGust": 17.07,
        "windBearing": 266,
        "cloudCover": 0.18,
        "uvIndex": 0,
        "visibility": 10,
        "ozone": 308.33
      },
      {
        "time": 1531756800,
        "summary": "Clear",
        "icon": "clear-night",
        "precipIntensity": 0,
        "precipProbability": 0,
        "temperature": 51.58,
        "apparentTemperature": 51.58,
        "dewPoint": 48.34,
        "humidity": 0.89,
        "pressure": 1013.69,
        "windSpeed": 7.75,
        "windGust": 16.88,
        "windBearing": 266,
        "cloudCover": 0.08,
        "uvIndex": 0,
        "visibility": 10,
        "ozone": 309.55
      },
      {
        "time": 1531760400,
        "summary": "Clear",
        "icon": "clear-night",
        "precipIntensity": 0,
        "precipProbability": 0,
        "temperature": 50.98,
        "apparentTemperature": 50.98,
        "dewPoint": 48.08,
        "humidity": 0.9,
        "pressure": 1013.72,
        "windSpeed": 8.01,
        "windGust": 16.79,
        "windBearing": 262,
        "cloudCover": 0.22,
        "uvIndex": 0,
        "visibility": 10,
        "ozone": 310.28
      },
      {
        "time": 1531764000,
        "summary": "Partly Cloudy",
        "icon": "partly-cloudy-night",
        "precipIntensity": 0,
        "precipProbability": 0,
        "temperature": 50.74,
        "apparentTemperature": 50.74,
        "dewPoint": 47.98,
        "humidity": 0.9,
        "pressure": 1013.96,
        "windSpeed": 7.25,
        "windGust": 16.61,
        "windBearing": 259,
        "cloudCover": 0.26,
        "uvIndex": 0,
        "visibility": 10,
        "ozone": 311.15
      }
    ]
  },
  "daily": {
    "summary": "Rain today and next Sunday, with high temperatures falling to 57°F on Tuesday.",
    "icon": "rain",
    "data": [
      {
        "time": 1531569600,
        "summary": "Rain until evening and breezy in the morning.",
        "icon": "rain",
        "sunriseTime": 1531596733,
        "sunsetTime": 1531632226,
        "moonPhase": 0.07,
        "precipIntensity": 0.0766,
        "precipIntensityMax": 0.2012,
        "precipIntensityMaxTime": 1531594800,
        "precipProbability": 0.99,
        "precipType": "rain",
        "temperatureHigh": 59.39,
        "temperatureHighTime": 1531620000,
        "temperatureLow": 51.3,
        "temperatureLowTime": 1531677600,
        "apparentTemperatureHigh": 59.39,
        "apparentTemperatureHighTime": 1531620000,
        "apparentTemperatureLow": 51.3,
        "apparentTemperatureLowTime": 1531677600,
        "dewPoint": 55.1,
        "humidity": 0.94,
        "pressure": 1011.5,
        "windSpeed": 10.12,
        "windGust": 39.75,
        "windGustTime": 1531580400,
        "windBearing": 50,
        "cloudCover": 0.75,
        "uvIndex": 1,
        "uvIndexTime": 1531605600,
        "visibility": 7.93,
        "ozone": 298.88,
        "temperatureMin": 54.15,
        "temperatureMinTime": 1531652400,
        "temperatureMax": 59.39,
        "temperatureMaxTime": 1531620000,
        "apparentTemperatureMin": 54.15,
        "apparentTemperatureMinTime": 1531652400,
        "apparentTemperatureMax": 59.39,
        "apparentTemperatureMaxTime": 1531620000
      },
      {
        "time": 1531656000,
        "summary": "Partly cloudy in the morning.",
        "icon": "partly-cloudy-night",
        "sunriseTime": 1531683105,
        "sunsetTime": 1531718666,
        "moonPhase": 0.11,
        "precipIntensity": 0.0022,
        "precipIntensityMax": 0.0088,
        "precipIntensityMaxTime": 1531699200,
        "precipProbability": 0.55,
        "precipType": "rain",
        "temperatureHigh": 57.52,
        "temperatureHighTime": 1531706400,
        "temperatureLow": 50.74,
        "temperatureLowTime": 1531764000,
        "apparentTemperatureHigh": 57.52,
        "apparentTemperatureHighTime": 1531706400,
        "apparentTemperatureLow": 50.74,
        "apparentTemperatureLowTime": 1531764000,
        "dewPoint": 50.7,
        "humidity": 0.89,
        "pressure": 1012.69,
        "windSpeed": 7.39,
        "windGust": 18.22,
        "windGustTime": 1531738800,
        "windBearing": 292,
        "cloudCover": 0.22,
        "uvIndex": 1,
        "uvIndexTime": 1531692000,
        "visibility": 10,
        "ozone": 300.4,
        "temperatureMin": 51.3,
        "temperatureMinTime": 1531677600,
        "temperatureMax": 57.52,
        "temperatureMaxTime": 1531706400,
        "apparentTemperatureMin": 51.3,
        "apparentTemperatureMinTime": 1531677600,
        "apparentTemperatureMax": 57.52,
        "apparentTemperatureMaxTime": 1531706400
      },
      {
        "time": 1531742400,
        "summary": "Mostly cloudy throughout the day.",
        "icon": "partly-cloudy-day",
        "sunriseTime": 1531769475,
        "sunsetTime": 1531805107,
        "moonPhase": 0.15,
        "precipIntensity": 0.0019,
        "precipIntensityMax": 0.0088,
        "precipIntensityMaxTime": 1531789200,
        "precipProbability": 0.52,
        "precipType": "rain",
        "temperatureHigh": 56.85,
        "temperatureHighTime": 1531792800,
        "temperatureLow": 48.66,
        "temperatureLowTime": 1531854000,
        "apparentTemperatureHigh": 56.85,
        "apparentTemperatureHighTime": 1531792800,
        "apparentTemperatureLow": 46.92,
        "apparentTemperatureLowTime": 1531854000,
        "dewPoint": 49.14,
        "humidity": 0.86,
        "pressure": 1014.42,
        "windSpeed": 7.74,
        "windGust": 18.74,
        "windGustTime": 1531742400,
        "windBearing": 263,
        "cloudCover": 0.46,
        "uvIndex": 2,
        "uvIndexTime": 1531785600,
        "visibility": 10,
        "ozone": 322.4,
        "temperatureMin": 50.74,
        "temperatureMinTime": 1531764000,
        "temperatureMax": 56.85,
        "temperatureMaxTime": 1531792800,
        "apparentTemperatureMin": 50.74,
        "apparentTemperatureMinTime": 1531764000,
        "apparentTemperatureMax": 56.85,
        "apparentTemperatureMaxTime": 1531792800
      },
      {
        "time": 1531828800,
        "summary": "Mostly cloudy in the morning.",
        "icon": "partly-cloudy-night",
        "sunriseTime": 1531855844,
        "sunsetTime": 1531891548,
        "moonPhase": 0.18,
        "precipIntensity": 0.0032,
        "precipIntensityMax": 0.0073,
        "precipIntensityMaxTime": 1531872000,
        "precipProbability": 0.41,
        "precipType": "rain",
        "temperatureHigh": 56.92,
        "temperatureHighTime": 1531875600,
        "temperatureLow": 48.21,
        "temperatureLowTime": 1531933200,
        "apparentTemperatureHigh": 56.92,
        "apparentTemperatureHighTime": 1531875600,
        "apparentTemperatureLow": 46.27,
        "apparentTemperatureLowTime": 1531933200,
        "dewPoint": 49.42,
        "humidity": 0.9,
        "pressure": 1016.15,
        "windSpeed": 4,
        "windGust": 11.38,
        "windGustTime": 1531836000,
        "windBearing": 309,
        "cloudCover": 0.29,
        "uvIndex": 2,
        "uvIndexTime": 1531872000,
        "visibility": 10,
        "ozone": 327.39,
        "temperatureMin": 48.66,
        "temperatureMinTime": 1531854000,
        "temperatureMax": 56.92,
        "temperatureMaxTime": 1531875600,
        "apparentTemperatureMin": 46.92,
        "apparentTemperatureMinTime": 1531854000,
        "apparentTemperatureMax": 56.92,
        "apparentTemperatureMaxTime": 1531875600
      },
      {
        "time": 1531915200,
        "summary": "Partly cloudy starting in the afternoon, continuing until evening.",
        "icon": "partly-cloudy-day",
        "sunriseTime": 1531942211,
        "sunsetTime": 1531977991,
        "moonPhase": 0.22,
        "precipIntensity": 0.0035,
        "precipIntensityMax": 0.0217,
        "precipIntensityMaxTime": 1531969200,
        "precipProbability": 0.61,
        "precipType": "rain",
        "temperatureHigh": 57.6,
        "temperatureHighTime": 1531962000,
        "temperatureLow": 50.19,
        "temperatureLowTime": 1532019600,
        "apparentTemperatureHigh": 57.6,
        "apparentTemperatureHighTime": 1531962000,
        "apparentTemperatureLow": 50.19,
        "apparentTemperatureLowTime": 1532019600,
        "dewPoint": 49.88,
        "humidity": 0.9,
        "pressure": 1018.68,
        "windSpeed": 7,
        "windGust": 21.44,
        "windGustTime": 1531998000,
        "windBearing": 270,
        "cloudCover": 0.14,
        "uvIndex": 2,
        "uvIndexTime": 1531958400,
        "visibility": 10,
        "ozone": 335.74,
        "temperatureMin": 48.21,
        "temperatureMinTime": 1531933200,
        "temperatureMax": 57.6,
        "temperatureMaxTime": 1531962000,
        "apparentTemperatureMin": 46.27,
        "apparentTemperatureMinTime": 1531933200,
        "apparentTemperatureMax": 57.6,
        "apparentTemperatureMaxTime": 1531962000
      },
      {
        "time": 1532001600,
        "summary": "Partly cloudy throughout the day.",
        "icon": "partly-cloudy-day",
        "sunriseTime": 1532028577,
        "sunsetTime": 1532064434,
        "moonPhase": 0.25,
        "precipIntensity": 0.0015,
        "precipIntensityMax": 0.0035,
        "precipIntensityMaxTime": 1532023200,
        "precipProbability": 0.52,
        "precipType": "rain",
        "temperatureHigh": 57.09,
        "temperatureHighTime": 1532052000,
        "temperatureLow": 48.33,
        "temperatureLowTime": 1532106000,
        "apparentTemperatureHigh": 57.09,
        "apparentTemperatureHighTime": 1532052000,
        "apparentTemperatureLow": 45.65,
        "apparentTemperatureLowTime": 1532106000,
        "dewPoint": 46.83,
        "humidity": 0.81,
        "pressure": 1024.58,
        "windSpeed": 7.3,
        "windGust": 21.67,
        "windGustTime": 1532005200,
        "windBearing": 236,
        "cloudCover": 0.47,
        "uvIndex": 1,
        "uvIndexTime": 1532037600,
        "visibility": 10,
        "ozone": 305.56,
        "temperatureMin": 48.6,
        "temperatureMinTime": 1532084400,
        "temperatureMax": 57.09,
        "temperatureMaxTime": 1532052000,
        "apparentTemperatureMin": 48.6,
        "apparentTemperatureMinTime": 1532084400,
        "apparentTemperatureMax": 57.09,
        "apparentTemperatureMaxTime": 1532052000
      },
      {
        "time": 1532088000,
        "summary": "Mostly cloudy until afternoon.",
        "icon": "partly-cloudy-day",
        "sunriseTime": 1532114940,
        "sunsetTime": 1532150877,
        "moonPhase": 0.29,
        "precipIntensity": 0.0005,
        "precipIntensityMax": 0.0038,
        "precipIntensityMaxTime": 1532152800,
        "precipProbability": 0.29,
        "precipType": "rain",
        "temperatureHigh": 58.32,
        "temperatureHighTime": 1532138400,
        "temperatureLow": 52.86,
        "temperatureLowTime": 1532196000,
        "apparentTemperatureHigh": 58.32,
        "apparentTemperatureHighTime": 1532138400,
        "apparentTemperatureLow": 52.86,
        "apparentTemperatureLowTime": 1532196000,
        "dewPoint": 48.1,
        "humidity": 0.83,
        "pressure": 1025.17,
        "windSpeed": 8.15,
        "windGust": 23.4,
        "windGustTime": 1532170800,
        "windBearing": 342,
        "cloudCover": 0.53,
        "uvIndex": 1,
        "uvIndexTime": 1532124000,
        "visibility": 10,
        "ozone": 307.6,
        "temperatureMin": 48.33,
        "temperatureMinTime": 1532106000,
        "temperatureMax": 58.32,
        "temperatureMaxTime": 1532138400,
        "apparentTemperatureMin": 45.65,
        "apparentTemperatureMinTime": 1532106000,
        "apparentTemperatureMax": 58.32,
        "apparentTemperatureMaxTime": 1532138400
      },
      {
        "time": 1532174400,
        "summary": "Rain starting in the evening.",
        "icon": "rain",
        "sunriseTime": 1532201303,
        "sunsetTime": 1532237321,
        "moonPhase": 0.32,
        "precipIntensity": 0.0187,
        "precipIntensityMax": 0.0591,
        "precipIntensityMaxTime": 1532242800,
        "precipProbability": 0.71,
        "precipType": "rain",
        "temperatureHigh": 58.09,
        "temperatureHighTime": 1532224800,
        "temperatureLow": 50.41,
        "temperatureLowTime": 1532282400,
        "apparentTemperatureHigh": 58.09,
        "apparentTemperatureHighTime": 1532224800,
        "apparentTemperatureLow": 50.41,
        "apparentTemperatureLowTime": 1532282400,
        "dewPoint": 50.41,
        "humidity": 0.83,
        "pressure": 1021.39,
        "windSpeed": 6.92,
        "windGust": 23.45,
        "windGustTime": 1532174400,
        "windBearing": 71,
        "cloudCover": 0.86,
        "uvIndex": 1,
        "uvIndexTime": 1532210400,
        "visibility": 10,
        "ozone": 336.62,
        "temperatureMin": 52.86,
        "temperatureMinTime": 1532196000,
        "temperatureMax": 58.09,
        "temperatureMaxTime": 1532224800,
        "apparentTemperatureMin": 52.86,
        "apparentTemperatureMinTime": 1532196000,
        "apparentTemperatureMax": 58.09,
        "apparentTemperatureMaxTime": 1532224800
      }
    ]
  },
  "offset": 12
}
